timestamp_unix,physical_index,uuid,name,memory_used_mib,memory_total_mib,utilization_percent,temperature_c,power_watts
1791277183.71068,0,GPU-835f8262-5251-9f0f-5dc4-013fa2f735de,NVIDIA GeForce RTX 2080 SUPER,12,8192,0,48,17.03
1791277183.71068,1,GPU-aec1288f-4556-3b77-af1b-45bf7ee3d8f5,NVIDIA GeForce RTX 2080 SUPER,401,8192,19,44,20.73
1791277184.2953634,0,GPU-835f8262-5251-9f0f-5dc4-013fa2f735de,NVIDIA GeForce RTX 2080 SUPER,12,8192,0,47,17.26
1791277184.2953634,1,GPU-aec1288f-4556-3b77-af1b-45bf7ee3d8f5,NVIDIA GeForce RTX 2080 SUPER,403,8192,24,44,21.48
1791277184.9285934,0,GPU-835f8262-5251-9f0f-5dc4-013fa2f735de,NVIDIA GeForce RTX 2080 SUPER,14,8192,0,47,17.31
1791277184.9285934,1,GPU-aec1288f-4556-3b77-af1b-45bf7ee3d8f5,NVIDIA GeForce RTX 2080 SUPER,405,8192,24,44,21.20
1791277185.473157,0,GPU-835f8262-5251-9f0f-5dc4-013fa2f735de,NVIDIA GeForce RTX 2080 SUPER,134,8192,0,49,54.09
1791277185.473157,1,GPU-aec1288f-4556-3b77-af1b-45bf7ee3d8f5,NVIDIA GeForce RTX 2080 SUPER,404,8192,33,44,19.83
1791277186.0654244,0,GPU-835f8262-5251-9f0f-5dc4-013fa2f735de,NVIDIA GeForce RTX 2080 SUPER,134,8192,0,49,54.06
1791277186.0654244,1,GPU-aec1288f-4556-3b77-af1b-45bf7ee3d8f5,NVIDIA GeForce RTX 2080 SUPER,404,8192,33,44,20.47
1791277186.610384,0,GPU-835f8262-5251-9f0f-5dc4-013fa2f735de,NVIDIA GeForce RTX 2080 SUPER,134,8192,0,49,54.13
1791277186.610384,1,GPU-aec1288f-4556-3b77-af1b-45bf7ee3d8f5,NVIDIA GeForce RTX 2080 SUPER,404,8192,20,44,20.13
1791277187.1599464,0,GPU-835f8262-5251-9f0f-5dc4-013fa2f735de,NVIDIA GeForce RTX 2080 SUPER,134,8192,0,49,54.10
1791277187.1599464,1,GPU-aec1288f-4556-3b77-af1b-45bf7ee3d8f5,NVIDIA GeForce RTX 2080 SUPER,403,8192,20,44,20.19
1791277187.7043302,0,GPU-835f8262-5251-9f0f-5dc4-013fa2f735de,NVIDIA GeForce RTX 2080 SUPER,134,8192,0,49,54.11
1791277187.7043302,1,GPU-aec1288f-4556-3b77-af1b-45bf7ee3d8f5,NVIDIA GeForce RTX 2080 SUPER,403,8192,20,44,20.30
1791277188.251862,0,GPU-835f8262-5251-9f0f-5dc4-013fa2f735de,NVIDIA GeForce RTX 2080 SUPER,134,8192,0,49,54.12
1791277188.251862,1,GPU-aec1288f-4556-3b77-af1b-45bf7ee3d8f5,NVIDIA GeForce RTX 2080 SUPER,404,8192,23,44,22.67
1791277188.802354,0,GPU-835f8262-5251-9f0f-5dc4-013fa2f735de,NVIDIA GeForce RTX 2080 SUPER,134,8192,0,49,54.07
1791277188.802354,1,GPU-aec1288f-4556-3b77-af1b-45bf7ee3d8f5,NVIDIA GeForce RTX 2080 SUPER,404,8192,23,44,22.01
1791277189.3412218,0,GPU-835f8262-5251-9f0f-5dc4-013fa2f735de,NVIDIA GeForce RTX 2080 SUPER,134,8192,0,49,54.08
1791277189.3412218,1,GPU-aec1288f-4556-3b77-af1b-45bf7ee3d8f5,NVIDIA GeForce RTX 2080 SUPER,404,8192,31,44,20.18
1791277189.8899438,0,GPU-835f8262-5251-9f0f-5dc4-013fa2f735de,NVIDIA GeForce RTX 2080 SUPER,134,8192,0,49,54.08
1791277189.8899438,1,GPU-aec1288f-4556-3b77-af1b-45bf7ee3d8f5,NVIDIA GeForce RTX 2080 SUPER,404,8192,31,44,19.79
1791277190.4338841,0,GPU-835f8262-5251-9f0f-5dc4-013fa2f735de,NVIDIA GeForce RTX 2080 SUPER,134,8192,0,49,54.05
1791277190.4338841,1,GPU-aec1288f-4556-3b77-af1b-45bf7ee3d8f5,NVIDIA GeForce RTX 2080 SUPER,404,8192,20,44,19.98
1791277190.980827,0,GPU-835f8262-5251-9f0f-5dc4-013fa2f735de,NVIDIA GeForce RTX 2080 SUPER,134,8192,0,49,54.08
1791277190.980827,1,GPU-aec1288f-4556-3b77-af1b-45bf7ee3d8f5,NVIDIA GeForce RTX 2080 SUPER,403,8192,20,44,19.93
1791277191.5297153,0,GPU-835f8262-5251-9f0f-5dc4-013fa2f735de,NVIDIA GeForce RTX 2080 SUPER,134,8192,0,49,54.11
1791277191.5297153,1,GPU-aec1288f-4556-3b77-af1b-45bf7ee3d8f5,NVIDIA GeForce RTX 2080 SUPER,405,8192,21,44,23.47
1791277192.089094,0,GPU-835f8262-5251-9f0f-5dc4-013fa2f735de,NVIDIA GeForce RTX 2080 SUPER,134,8192,0,49,54.03
1791277192.089094,1,GPU-aec1288f-4556-3b77-af1b-45bf7ee3d8f5,NVIDIA GeForce RTX 2080 SUPER,406,8192,21,44,23.75
1791277192.64172,0,GPU-835f8262-5251-9f0f-5dc4-013fa2f735de,NVIDIA GeForce RTX 2080 SUPER,134,8192,0,50,54.12
1791277192.64172,1,GPU-aec1288f-4556-3b77-af1b-45bf7ee3d8f5,NVIDIA GeForce RTX 2080 SUPER,406,8192,39,44,23.74
1791277193.19276,0,GPU-835f8262-5251-9f0f-5dc4-013fa2f735de,NVIDIA GeForce RTX 2080 SUPER,134,8192,0,50,54.08
1791277193.19276,1,GPU-aec1288f-4556-3b77-af1b-45bf7ee3d8f5,NVIDIA GeForce RTX 2080 SUPER,406,8192,39,44,23.83
1791277193.7487845,0,GPU-835f8262-5251-9f0f-5dc4-013fa2f735de,NVIDIA GeForce RTX 2080 SUPER,134,8192,0,50,54.11
1791277193.7487845,1,GPU-aec1288f-4556-3b77-af1b-45bf7ee3d8f5,NVIDIA GeForce RTX 2080 SUPER,406,8192,41,44,24.15
1791277194.2969382,0,GPU-835f8262-5251-9f0f-5dc4-013fa2f735de,NVIDIA GeForce RTX 2080 SUPER,134,8192,0,50,54.15
1791277194.2969382,1,GPU-aec1288f-4556-3b77-af1b-45bf7ee3d8f5,NVIDIA GeForce RTX 2080 SUPER,405,8192,41,44,24.04
1791277194.8382225,0,GPU-835f8262-5251-9f0f-5dc4-013fa2f735de,NVIDIA GeForce RTX 2080 SUPER,134,8192,0,50,54.08
1791277194.8382225,1,GPU-aec1288f-4556-3b77-af1b-45bf7ee3d8f5,NVIDIA GeForce RTX 2080 SUPER,405,8192,41,44,22.49
1791277195.3809197,0,GPU-835f8262-5251-9f0f-5dc4-013fa2f735de,NVIDIA GeForce RTX 2080 SUPER,134,8192,0,50,54.07
1791277195.3809197,1,GPU-aec1288f-4556-3b77-af1b-45bf7ee3d8f5,NVIDIA GeForce RTX 2080 SUPER,405,8192,14,44,23.84
1791277195.9278488,0,GPU-835f8262-5251-9f0f-5dc4-013fa2f735de,NVIDIA GeForce RTX 2080 SUPER,134,8192,0,50,54.09
1791277195.9278488,1,GPU-aec1288f-4556-3b77-af1b-45bf7ee3d8f5,NVIDIA GeForce RTX 2080 SUPER,405,8192,14,44,22.66
1791277196.4825218,0,GPU-835f8262-5251-9f0f-5dc4-013fa2f735de,NVIDIA GeForce RTX 2080 SUPER,134,8192,0,50,54.12
1791277196.4825218,1,GPU-aec1288f-4556-3b77-af1b-45bf7ee3d8f5,NVIDIA GeForce RTX 2080 SUPER,405,8192,15,44,22.25
1791277197.0311096,0,GPU-835f8262-5251-9f0f-5dc4-013fa2f735de,NVIDIA GeForce RTX 2080 SUPER,134,8192,0,50,54.07
1791277197.0311096,1,GPU-aec1288f-4556-3b77-af1b-45bf7ee3d8f5,NVIDIA GeForce RTX 2080 SUPER,405,8192,15,44,20.80
1791277197.5824096,0,GPU-835f8262-5251-9f0f-5dc4-013fa2f735de,NVIDIA GeForce RTX 2080 SUPER,134,8192,0,50,54.04
1791277197.5824096,1,GPU-aec1288f-4556-3b77-af1b-45bf7ee3d8f5,NVIDIA GeForce RTX 2080 SUPER,405,8192,32,44,20.24
1791277198.1276658,0,GPU-835f8262-5251-9f0f-5dc4-013fa2f735de,NVIDIA GeForce RTX 2080 SUPER,134,8192,0,50,54.10
1791277198.1276658,1,GPU-aec1288f-4556-3b77-af1b-45bf7ee3d8f5,NVIDIA GeForce RTX 2080 SUPER,404,8192,32,44,20.05
1791277198.6702292,0,GPU-835f8262-5251-9f0f-5dc4-013fa2f735de,NVIDIA GeForce RTX 2080 SUPER,134,8192,0,50,54.05
1791277198.6702292,1,GPU-aec1288f-4556-3b77-af1b-45bf7ee3d8f5,NVIDIA GeForce RTX 2080 SUPER,404,8192,21,44,20.12
1791277199.2167897,0,GPU-835f8262-5251-9f0f-5dc4-013fa2f735de,NVIDIA GeForce RTX 2080 SUPER,134,8192,0,50,54.10
1791277199.2167897,1,GPU-aec1288f-4556-3b77-af1b-45bf7ee3d8f5,NVIDIA GeForce RTX 2080 SUPER,403,8192,21,44,20.11
1791277199.7617056,0,GPU-835f8262-5251-9f0f-5dc4-013fa2f735de,NVIDIA GeForce RTX 2080 SUPER,134,8192,0,50,54.03
1791277199.7617056,1,GPU-aec1288f-4556-3b77-af1b-45bf7ee3d8f5,NVIDIA GeForce RTX 2080 SUPER,403,8192,21,44,20.10
1791277200.3154328,0,GPU-835f8262-5251-9f0f-5dc4-013fa2f735de,NVIDIA GeForce RTX 2080 SUPER,134,8192,0,50,54.11
1791277200.3154328,1,GPU-aec1288f-4556-3b77-af1b-45bf7ee3d8f5,NVIDIA GeForce RTX 2080 SUPER,403,8192,21,44,22.81
1791277200.860322,0,GPU-835f8262-5251-9f0f-5dc4-013fa2f735de,NVIDIA GeForce RTX 2080 SUPER,134,8192,0,50,54.10
1791277200.860322,1,GPU-aec1288f-4556-3b77-af1b-45bf7ee3d8f5,NVIDIA GeForce RTX 2080 SUPER,403,8192,30,44,23.33
1791277201.4051175,0,GPU-835f8262-5251-9f0f-5dc4-013fa2f735de,NVIDIA GeForce RTX 2080 SUPER,134,8192,0,50,54.09
1791277201.4051175,1,GPU-aec1288f-4556-3b77-af1b-45bf7ee3d8f5,NVIDIA GeForce RTX 2080 SUPER,403,8192,31,44,20.98
1791277201.956521,0,GPU-835f8262-5251-9f0f-5dc4-013fa2f735de,NVIDIA GeForce RTX 2080 SUPER,134,8192,0,50,54.11
1791277201.956521,1,GPU-aec1288f-4556-3b77-af1b-45bf7ee3d8f5,NVIDIA GeForce RTX 2080 SUPER,403,8192,31,44,19.87
1791277202.5174372,0,GPU-835f8262-5251-9f0f-5dc4-013fa2f735de,NVIDIA GeForce RTX 2080 SUPER,134,8192,0,50,17.33
1791277202.5174372,1,GPU-aec1288f-4556-3b77-af1b-45bf7ee3d8f5,NVIDIA GeForce RTX 2080 SUPER,403,8192,20,44,20.29
1791277203.0743124,0,GPU-835f8262-5251-9f0f-5dc4-013fa2f735de,NVIDIA GeForce RTX 2080 SUPER,134,8192,0,49,17.05
1791277203.0743124,1,GPU-aec1288f-4556-3b77-af1b-45bf7ee3d8f5,NVIDIA GeForce RTX 2080 SUPER,403,8192,20,44,20.26
1791277203.62204,0,GPU-835f8262-5251-9f0f-5dc4-013fa2f735de,NVIDIA GeForce RTX 2080 SUPER,3126,8192,5,49,56.39
1791277203.62204,1,GPU-aec1288f-4556-3b77-af1b-45bf7ee3d8f5,NVIDIA GeForce RTX 2080 SUPER,403,8192,22,44,20.43
1791277204.170403,0,GPU-835f8262-5251-9f0f-5dc4-013fa2f735de,NVIDIA GeForce RTX 2080 SUPER,3568,8192,5,51,61.60
1791277204.170403,1,GPU-aec1288f-4556-3b77-af1b-45bf7ee3d8f5,NVIDIA GeForce RTX 2080 SUPER,403,8192,22,44,23.29
1791277204.7319834,0,GPU-835f8262-5251-9f0f-5dc4-013fa2f735de,NVIDIA GeForce RTX 2080 SUPER,3568,8192,24,51,62.01
1791277204.7319834,1,GPU-aec1288f-4556-3b77-af1b-45bf7ee3d8f5,NVIDIA GeForce RTX 2080 SUPER,403,8192,28,44,22.16
1791277205.2751212,0,GPU-835f8262-5251-9f0f-5dc4-013fa2f735de,NVIDIA GeForce RTX 2080 SUPER,3568,8192,24,51,61.75
1791277205.2751212,1,GPU-aec1288f-4556-3b77-af1b-45bf7ee3d8f5,NVIDIA GeForce RTX 2080 SUPER,403,8192,28,44,19.84
1791277205.82093,0,GPU-835f8262-5251-9f0f-5dc4-013fa2f735de,NVIDIA GeForce RTX 2080 SUPER,3568,8192,0,50,54.10
1791277205.82093,1,GPU-aec1288f-4556-3b77-af1b-45bf7ee3d8f5,NVIDIA GeForce RTX 2080 SUPER,403,8192,29,44,19.93
1791277206.3715036,0,GPU-835f8262-5251-9f0f-5dc4-013fa2f735de,NVIDIA GeForce RTX 2080 SUPER,3568,8192,0,50,54.25
1791277206.3715036,1,GPU-aec1288f-4556-3b77-af1b-45bf7ee3d8f5,NVIDIA GeForce RTX 2080 SUPER,403,8192,29,44,19.89
1791277206.9056263,0,GPU-835f8262-5251-9f0f-5dc4-013fa2f735de,NVIDIA GeForce RTX 2080 SUPER,3586,8192,0,50,54.12
1791277206.9056263,1,GPU-aec1288f-4556-3b77-af1b-45bf7ee3d8f5,NVIDIA GeForce RTX 2080 SUPER,875,8192,22,44,62.70
1791277207.4399407,0,GPU-835f8262-5251-9f0f-5dc4-013fa2f735de,NVIDIA GeForce RTX 2080 SUPER,3586,8192,0,50,54.02
1791277207.4399407,1,GPU-aec1288f-4556-3b77-af1b-45bf7ee3d8f5,NVIDIA GeForce RTX 2080 SUPER,875,8192,9,45,52.43
1791277207.9707546,0,GPU-835f8262-5251-9f0f-5dc4-013fa2f735de,NVIDIA GeForce RTX 2080 SUPER,3586,8192,0,50,54.14
1791277207.9707546,1,GPU-aec1288f-4556-3b77-af1b-45bf7ee3d8f5,NVIDIA GeForce RTX 2080 SUPER,875,8192,9,45,52.67
1791277208.5047727,0,GPU-835f8262-5251-9f0f-5dc4-013fa2f735de,NVIDIA GeForce RTX 2080 SUPER,3586,8192,0,50,53.96
1791277208.5047727,1,GPU-aec1288f-4556-3b77-af1b-45bf7ee3d8f5,NVIDIA GeForce RTX 2080 SUPER,875,8192,3,45,52.94
1791277209.0374765,0,GPU-835f8262-5251-9f0f-5dc4-013fa2f735de,NVIDIA GeForce RTX 2080 SUPER,3710,8192,0,50,55.26
1791277209.0374765,1,GPU-aec1288f-4556-3b77-af1b-45bf7ee3d8f5,NVIDIA GeForce RTX 2080 SUPER,2473,8192,3,45,60.85
1791277209.5709074,0,GPU-835f8262-5251-9f0f-5dc4-013fa2f735de,NVIDIA GeForce RTX 2080 SUPER,3884,8192,27,53,179.09
1791277209.5709074,1,GPU-aec1288f-4556-3b77-af1b-45bf7ee3d8f5,NVIDIA GeForce RTX 2080 SUPER,2473,8192,17,46,63.71
1791277210.1013834,0,GPU-835f8262-5251-9f0f-5dc4-013fa2f735de,NVIDIA GeForce RTX 2080 SUPER,3886,8192,27,56,183.44
1791277210.1013834,1,GPU-aec1288f-4556-3b77-af1b-45bf7ee3d8f5,NVIDIA GeForce RTX 2080 SUPER,2473,8192,17,46,63.59
1791277210.6335607,0,GPU-835f8262-5251-9f0f-5dc4-013fa2f735de,NVIDIA GeForce RTX 2080 SUPER,3886,8192,92,57,187.09
1791277210.6335607,1,GPU-aec1288f-4556-3b77-af1b-45bf7ee3d8f5,NVIDIA GeForce RTX 2080 SUPER,2478,8192,3,47,64.30
1791277211.1659296,0,GPU-835f8262-5251-9f0f-5dc4-013fa2f735de,NVIDIA GeForce RTX 2080 SUPER,3886,8192,92,58,180.95
1791277211.1659296,1,GPU-aec1288f-4556-3b77-af1b-45bf7ee3d8f5,NVIDIA GeForce RTX 2080 SUPER,2479,8192,3,46,52.24
1791277211.6956642,0,GPU-835f8262-5251-9f0f-5dc4-013fa2f735de,NVIDIA GeForce RTX 2080 SUPER,3886,8192,90,58,180.61
1791277211.6956642,1,GPU-aec1288f-4556-3b77-af1b-45bf7ee3d8f5,NVIDIA GeForce RTX 2080 SUPER,2524,8192,4,46,52.42
1791277212.227813,0,GPU-835f8262-5251-9f0f-5dc4-013fa2f735de,NVIDIA GeForce RTX 2080 SUPER,3886,8192,90,59,189.61
1791277212.227813,1,GPU-aec1288f-4556-3b77-af1b-45bf7ee3d8f5,NVIDIA GeForce RTX 2080 SUPER,2524,8192,4,46,52.64
1791277212.7579827,0,GPU-835f8262-5251-9f0f-5dc4-013fa2f735de,NVIDIA GeForce RTX 2080 SUPER,3886,8192,91,59,181.65
1791277212.7579827,1,GPU-aec1288f-4556-3b77-af1b-45bf7ee3d8f5,NVIDIA GeForce RTX 2080 SUPER,2523,8192,5,46,52.35
1791277213.29455,0,GPU-835f8262-5251-9f0f-5dc4-013fa2f735de,NVIDIA GeForce RTX 2080 SUPER,3886,8192,91,60,190.43
1791277213.29455,1,GPU-aec1288f-4556-3b77-af1b-45bf7ee3d8f5,NVIDIA GeForce RTX 2080 SUPER,2513,8192,5,46,51.97
1791277213.8265665,0,GPU-835f8262-5251-9f0f-5dc4-013fa2f735de,NVIDIA GeForce RTX 2080 SUPER,3886,8192,91,60,189.53
1791277213.8265665,1,GPU-aec1288f-4556-3b77-af1b-45bf7ee3d8f5,NVIDIA GeForce RTX 2080 SUPER,2513,8192,4,46,52.29
1791277214.3590188,0,GPU-835f8262-5251-9f0f-5dc4-013fa2f735de,NVIDIA GeForce RTX 2080 SUPER,3886,8192,91,61,184.99
1791277214.3590188,1,GPU-aec1288f-4556-3b77-af1b-45bf7ee3d8f5,NVIDIA GeForce RTX 2080 SUPER,2506,8192,4,46,52.32
1791277214.8896985,0,GPU-835f8262-5251-9f0f-5dc4-013fa2f735de,NVIDIA GeForce RTX 2080 SUPER,3886,8192,91,61,191.27
1791277214.8896985,1,GPU-aec1288f-4556-3b77-af1b-45bf7ee3d8f5,NVIDIA GeForce RTX 2080 SUPER,2506,8192,3,46,52.25
1791277215.4237134,0,GPU-835f8262-5251-9f0f-5dc4-013fa2f735de,NVIDIA GeForce RTX 2080 SUPER,3886,8192,92,61,181.93
1791277215.4237134,1,GPU-aec1288f-4556-3b77-af1b-45bf7ee3d8f5,NVIDIA GeForce RTX 2080 SUPER,2504,8192,2,46,52.37
1791277215.9558823,0,GPU-835f8262-5251-9f0f-5dc4-013fa2f735de,NVIDIA GeForce RTX 2080 SUPER,3886,8192,92,62,188.18
1791277215.9558823,1,GPU-aec1288f-4556-3b77-af1b-45bf7ee3d8f5,NVIDIA GeForce RTX 2080 SUPER,2506,8192,2,46,52.24
1791277216.4882495,0,GPU-835f8262-5251-9f0f-5dc4-013fa2f735de,NVIDIA GeForce RTX 2080 SUPER,3886,8192,92,62,188.98
1791277216.4882495,1,GPU-aec1288f-4556-3b77-af1b-45bf7ee3d8f5,NVIDIA GeForce RTX 2080 SUPER,2490,8192,3,46,52.84
1791277217.0197384,0,GPU-835f8262-5251-9f0f-5dc4-013fa2f735de,NVIDIA GeForce RTX 2080 SUPER,3886,8192,92,62,184.18
1791277217.0197384,1,GPU-aec1288f-4556-3b77-af1b-45bf7ee3d8f5,NVIDIA GeForce RTX 2080 SUPER,2473,8192,3,47,52.37
1791277217.5502286,0,GPU-835f8262-5251-9f0f-5dc4-013fa2f735de,NVIDIA GeForce RTX 2080 SUPER,3886,8192,92,63,184.03
1791277217.5502286,1,GPU-aec1288f-4556-3b77-af1b-45bf7ee3d8f5,NVIDIA GeForce RTX 2080 SUPER,2470,8192,3,47,52.80
1791277218.0815892,0,GPU-835f8262-5251-9f0f-5dc4-013fa2f735de,NVIDIA GeForce RTX 2080 SUPER,3886,8192,92,63,189.05
1791277218.0815892,1,GPU-aec1288f-4556-3b77-af1b-45bf7ee3d8f5,NVIDIA GeForce RTX 2080 SUPER,2470,8192,3,47,52.49
1791277218.6121874,0,GPU-835f8262-5251-9f0f-5dc4-013fa2f735de,NVIDIA GeForce RTX 2080 SUPER,3886,8192,90,63,188.54
1791277218.6121874,1,GPU-aec1288f-4556-3b77-af1b-45bf7ee3d8f5,NVIDIA GeForce RTX 2080 SUPER,2479,8192,3,47,52.51
1791277219.1434338,0,GPU-835f8262-5251-9f0f-5dc4-013fa2f735de,NVIDIA GeForce RTX 2080 SUPER,3886,8192,90,64,189.83
1791277219.1434338,1,GPU-aec1288f-4556-3b77-af1b-45bf7ee3d8f5,NVIDIA GeForce RTX 2080 SUPER,2479,8192,3,47,52.30
1791277219.673968,0,GPU-835f8262-5251-9f0f-5dc4-013fa2f735de,NVIDIA GeForce RTX 2080 SUPER,3886,8192,91,63,93.13
1791277219.673968,1,GPU-aec1288f-4556-3b77-af1b-45bf7ee3d8f5,NVIDIA GeForce RTX 2080 SUPER,2639,8192,3,47,78.42
1791277220.2110822,0,GPU-835f8262-5251-9f0f-5dc4-013fa2f735de,NVIDIA GeForce RTX 2080 SUPER,3886,8192,91,65,190.73
1791277220.2110822,1,GPU-aec1288f-4556-3b77-af1b-45bf7ee3d8f5,NVIDIA GeForce RTX 2080 SUPER,2635,8192,3,47,52.74
1791277220.742996,0,GPU-835f8262-5251-9f0f-5dc4-013fa2f735de,NVIDIA GeForce RTX 2080 SUPER,3886,8192,78,65,187.98
1791277220.742996,1,GPU-aec1288f-4556-3b77-af1b-45bf7ee3d8f5,NVIDIA GeForce RTX 2080 SUPER,2639,8192,9,47,52.59
1791277221.278816,0,GPU-835f8262-5251-9f0f-5dc4-013fa2f735de,NVIDIA GeForce RTX 2080 SUPER,3886,8192,78,66,188.55
1791277221.278816,1,GPU-aec1288f-4556-3b77-af1b-45bf7ee3d8f5,NVIDIA GeForce RTX 2080 SUPER,2640,8192,9,47,52.60
1791277221.810188,0,GPU-835f8262-5251-9f0f-5dc4-013fa2f735de,NVIDIA GeForce RTX 2080 SUPER,3886,8192,92,66,190.14
1791277221.810188,1,GPU-aec1288f-4556-3b77-af1b-45bf7ee3d8f5,NVIDIA GeForce RTX 2080 SUPER,2640,8192,3,47,52.45
1791277222.3423285,0,GPU-835f8262-5251-9f0f-5dc4-013fa2f735de,NVIDIA GeForce RTX 2080 SUPER,3886,8192,92,66,186.13
1791277222.3423285,1,GPU-aec1288f-4556-3b77-af1b-45bf7ee3d8f5,NVIDIA GeForce RTX 2080 SUPER,2636,8192,3,47,52.56
1791277222.8742175,0,GPU-835f8262-5251-9f0f-5dc4-013fa2f735de,NVIDIA GeForce RTX 2080 SUPER,3886,8192,92,66,187.69
1791277222.8742175,1,GPU-aec1288f-4556-3b77-af1b-45bf7ee3d8f5,NVIDIA GeForce RTX 2080 SUPER,2635,8192,3,47,52.65
1791277223.40566,0,GPU-835f8262-5251-9f0f-5dc4-013fa2f735de,NVIDIA GeForce RTX 2080 SUPER,3886,8192,91,67,188.59
1791277223.40566,1,GPU-aec1288f-4556-3b77-af1b-45bf7ee3d8f5,NVIDIA GeForce RTX 2080 SUPER,2632,8192,3,47,52.86
1791277223.9364169,0,GPU-835f8262-5251-9f0f-5dc4-013fa2f735de,NVIDIA GeForce RTX 2080 SUPER,3886,8192,91,67,189.35
1791277223.9364169,1,GPU-aec1288f-4556-3b77-af1b-45bf7ee3d8f5,NVIDIA GeForce RTX 2080 SUPER,2632,8192,3,47,52.52
1791277224.4676204,0,GPU-835f8262-5251-9f0f-5dc4-013fa2f735de,NVIDIA GeForce RTX 2080 SUPER,3886,8192,92,68,188.67
1791277224.4676204,1,GPU-aec1288f-4556-3b77-af1b-45bf7ee3d8f5,NVIDIA GeForce RTX 2080 SUPER,2632,8192,4,47,52.87
1791277225.0024028,0,GPU-835f8262-5251-9f0f-5dc4-013fa2f735de,NVIDIA GeForce RTX 2080 SUPER,3886,8192,92,68,188.94
1791277225.0024028,1,GPU-aec1288f-4556-3b77-af1b-45bf7ee3d8f5,NVIDIA GeForce RTX 2080 SUPER,2632,8192,4,47,52.69
1791277225.534358,0,GPU-835f8262-5251-9f0f-5dc4-013fa2f735de,NVIDIA GeForce RTX 2080 SUPER,3886,8192,92,68,190.44
1791277225.534358,1,GPU-aec1288f-4556-3b77-af1b-45bf7ee3d8f5,NVIDIA GeForce RTX 2080 SUPER,2632,8192,3,47,52.64
1791277226.066539,0,GPU-835f8262-5251-9f0f-5dc4-013fa2f735de,NVIDIA GeForce RTX 2080 SUPER,3886,8192,92,69,190.21
1791277226.066539,1,GPU-aec1288f-4556-3b77-af1b-45bf7ee3d8f5,NVIDIA GeForce RTX 2080 SUPER,2630,8192,3,48,52.82
1791277226.5986967,0,GPU-835f8262-5251-9f0f-5dc4-013fa2f735de,NVIDIA GeForce RTX 2080 SUPER,3886,8192,92,69,188.96
1791277226.5986967,1,GPU-aec1288f-4556-3b77-af1b-45bf7ee3d8f5,NVIDIA GeForce RTX 2080 SUPER,2629,8192,3,48,52.62
1791277227.1308749,0,GPU-835f8262-5251-9f0f-5dc4-013fa2f735de,NVIDIA GeForce RTX 2080 SUPER,3886,8192,92,69,190.93
1791277227.1308749,1,GPU-aec1288f-4556-3b77-af1b-45bf7ee3d8f5,NVIDIA GeForce RTX 2080 SUPER,2629,8192,3,48,52.79
1791277227.6624153,0,GPU-835f8262-5251-9f0f-5dc4-013fa2f735de,NVIDIA GeForce RTX 2080 SUPER,3886,8192,92,70,184.89
1791277227.6624153,1,GPU-aec1288f-4556-3b77-af1b-45bf7ee3d8f5,NVIDIA GeForce RTX 2080 SUPER,2629,8192,2,48,52.64
1791277228.2139375,0,GPU-835f8262-5251-9f0f-5dc4-013fa2f735de,NVIDIA GeForce RTX 2080 SUPER,3886,8192,92,70,185.47
1791277228.2139375,1,GPU-aec1288f-4556-3b77-af1b-45bf7ee3d8f5,NVIDIA GeForce RTX 2080 SUPER,2634,8192,2,48,53.36
1791277228.7442102,0,GPU-835f8262-5251-9f0f-5dc4-013fa2f735de,NVIDIA GeForce RTX 2080 SUPER,3886,8192,90,71,191.77
1791277228.7442102,1,GPU-aec1288f-4556-3b77-af1b-45bf7ee3d8f5,NVIDIA GeForce RTX 2080 SUPER,2634,8192,4,48,53.04
1791277229.2766554,0,GPU-835f8262-5251-9f0f-5dc4-013fa2f735de,NVIDIA GeForce RTX 2080 SUPER,3886,8192,90,71,187.98
1791277229.2766554,1,GPU-aec1288f-4556-3b77-af1b-45bf7ee3d8f5,NVIDIA GeForce RTX 2080 SUPER,2634,8192,4,48,53.21
1791277229.8102064,0,GPU-835f8262-5251-9f0f-5dc4-013fa2f735de,NVIDIA GeForce RTX 2080 SUPER,3886,8192,92,71,191.07
1791277229.8102064,1,GPU-aec1288f-4556-3b77-af1b-45bf7ee3d8f5,NVIDIA GeForce RTX 2080 SUPER,2634,8192,3,48,52.79
1791277230.343889,0,GPU-835f8262-5251-9f0f-5dc4-013fa2f735de,NVIDIA GeForce RTX 2080 SUPER,3886,8192,92,68,156.88
1791277230.343889,1,GPU-aec1288f-4556-3b77-af1b-45bf7ee3d8f5,NVIDIA GeForce RTX 2080 SUPER,2634,8192,3,48,53.46
1791277230.8763657,0,GPU-835f8262-5251-9f0f-5dc4-013fa2f735de,NVIDIA GeForce RTX 2080 SUPER,3886,8192,80,71,191.83
1791277230.8763657,1,GPU-aec1288f-4556-3b77-af1b-45bf7ee3d8f5,NVIDIA GeForce RTX 2080 SUPER,2634,8192,8,48,53.78
1791277231.4088876,0,GPU-835f8262-5251-9f0f-5dc4-013fa2f735de,NVIDIA GeForce RTX 2080 SUPER,3886,8192,80,72,186.43
1791277231.4088876,1,GPU-aec1288f-4556-3b77-af1b-45bf7ee3d8f5,NVIDIA GeForce RTX 2080 SUPER,2631,8192,8,48,53.61
1791277231.9400716,0,GPU-835f8262-5251-9f0f-5dc4-013fa2f735de,NVIDIA GeForce RTX 2080 SUPER,3886,8192,92,72,188.71
1791277231.9400716,1,GPU-aec1288f-4556-3b77-af1b-45bf7ee3d8f5,NVIDIA GeForce RTX 2080 SUPER,2631,8192,3,48,53.75
1791277232.473219,0,GPU-835f8262-5251-9f0f-5dc4-013fa2f735de,NVIDIA GeForce RTX 2080 SUPER,3886,8192,92,72,191.18
1791277232.473219,1,GPU-aec1288f-4556-3b77-af1b-45bf7ee3d8f5,NVIDIA GeForce RTX 2080 SUPER,2634,8192,3,48,53.91
1791277233.0047746,0,GPU-835f8262-5251-9f0f-5dc4-013fa2f735de,NVIDIA GeForce RTX 2080 SUPER,3886,8192,92,73,191.24
1791277233.0047746,1,GPU-aec1288f-4556-3b77-af1b-45bf7ee3d8f5,NVIDIA GeForce RTX 2080 SUPER,2634,8192,4,48,53.56
1791277233.5374625,0,GPU-835f8262-5251-9f0f-5dc4-013fa2f735de,NVIDIA GeForce RTX 2080 SUPER,3886,8192,92,73,187.28
1791277233.5374625,1,GPU-aec1288f-4556-3b77-af1b-45bf7ee3d8f5,NVIDIA GeForce RTX 2080 SUPER,2634,8192,3,48,53.66
1791277234.0691342,0,GPU-835f8262-5251-9f0f-5dc4-013fa2f735de,NVIDIA GeForce RTX 2080 SUPER,3886,8192,92,73,192.66
1791277234.0691342,1,GPU-aec1288f-4556-3b77-af1b-45bf7ee3d8f5,NVIDIA GeForce RTX 2080 SUPER,2634,8192,3,49,53.33
1791277234.599732,0,GPU-835f8262-5251-9f0f-5dc4-013fa2f735de,NVIDIA GeForce RTX 2080 SUPER,3886,8192,92,73,191.07
1791277234.599732,1,GPU-aec1288f-4556-3b77-af1b-45bf7ee3d8f5,NVIDIA GeForce RTX 2080 SUPER,2634,8192,3,49,53.42
1791277235.132658,0,GPU-835f8262-5251-9f0f-5dc4-013fa2f735de,NVIDIA GeForce RTX 2080 SUPER,3886,8192,92,74,192.30
1791277235.132658,1,GPU-aec1288f-4556-3b77-af1b-45bf7ee3d8f5,NVIDIA GeForce RTX 2080 SUPER,2631,8192,3,49,53.29
1791277235.6683016,0,GPU-835f8262-5251-9f0f-5dc4-013fa2f735de,NVIDIA GeForce RTX 2080 SUPER,3886,8192,92,74,192.05
1791277235.6683016,1,GPU-aec1288f-4556-3b77-af1b-45bf7ee3d8f5,NVIDIA GeForce RTX 2080 SUPER,2631,8192,3,49,53.54
1791277236.2053924,0,GPU-835f8262-5251-9f0f-5dc4-013fa2f735de,NVIDIA GeForce RTX 2080 SUPER,3886,8192,92,74,188.35
1791277236.2053924,1,GPU-aec1288f-4556-3b77-af1b-45bf7ee3d8f5,NVIDIA GeForce RTX 2080 SUPER,2634,8192,3,49,53.78
1791277236.7387457,0,GPU-835f8262-5251-9f0f-5dc4-013fa2f735de,NVIDIA GeForce RTX 2080 SUPER,3886,8192,92,74,192.57
1791277236.7387457,1,GPU-aec1288f-4556-3b77-af1b-45bf7ee3d8f5,NVIDIA GeForce RTX 2080 SUPER,2634,8192,4,49,54.03
1791277237.2693865,0,GPU-835f8262-5251-9f0f-5dc4-013fa2f735de,NVIDIA GeForce RTX 2080 SUPER,3886,8192,92,75,193.62
1791277237.2693865,1,GPU-aec1288f-4556-3b77-af1b-45bf7ee3d8f5,NVIDIA GeForce RTX 2080 SUPER,2634,8192,4,49,53.46
1791277237.802169,0,GPU-835f8262-5251-9f0f-5dc4-013fa2f735de,NVIDIA GeForce RTX 2080 SUPER,3886,8192,92,75,193.84
1791277237.802169,1,GPU-aec1288f-4556-3b77-af1b-45bf7ee3d8f5,NVIDIA GeForce RTX 2080 SUPER,2634,8192,3,49,53.72
1791277238.334534,0,GPU-835f8262-5251-9f0f-5dc4-013fa2f735de,NVIDIA GeForce RTX 2080 SUPER,3886,8192,92,75,193.55
1791277238.334534,1,GPU-aec1288f-4556-3b77-af1b-45bf7ee3d8f5,NVIDIA GeForce RTX 2080 SUPER,2635,8192,3,49,53.72
1791277238.8675652,0,GPU-835f8262-5251-9f0f-5dc4-013fa2f735de,NVIDIA GeForce RTX 2080 SUPER,3886,8192,92,75,187.48
1791277238.8675652,1,GPU-aec1288f-4556-3b77-af1b-45bf7ee3d8f5,NVIDIA GeForce RTX 2080 SUPER,2636,8192,2,49,53.80
1791277239.3982263,0,GPU-835f8262-5251-9f0f-5dc4-013fa2f735de,NVIDIA GeForce RTX 2080 SUPER,3886,8192,92,75,193.96
1791277239.3982263,1,GPU-aec1288f-4556-3b77-af1b-45bf7ee3d8f5,NVIDIA GeForce RTX 2080 SUPER,2633,8192,2,49,54.25
1791277239.9318295,0,GPU-835f8262-5251-9f0f-5dc4-013fa2f735de,NVIDIA GeForce RTX 2080 SUPER,3886,8192,92,76,193.60
1791277239.9318295,1,GPU-aec1288f-4556-3b77-af1b-45bf7ee3d8f5,NVIDIA GeForce RTX 2080 SUPER,2634,8192,3,49,53.62
1791277240.4624355,0,GPU-835f8262-5251-9f0f-5dc4-013fa2f735de,NVIDIA GeForce RTX 2080 SUPER,3886,8192,92,76,191.91
1791277240.4624355,1,GPU-aec1288f-4556-3b77-af1b-45bf7ee3d8f5,NVIDIA GeForce RTX 2080 SUPER,2637,8192,3,49,54.14
1791277240.9958346,0,GPU-835f8262-5251-9f0f-5dc4-013fa2f735de,NVIDIA GeForce RTX 2080 SUPER,3886,8192,92,76,193.74
1791277240.9958346,1,GPU-aec1288f-4556-3b77-af1b-45bf7ee3d8f5,NVIDIA GeForce RTX 2080 SUPER,2636,8192,4,49,53.63
1791277241.526704,0,GPU-835f8262-5251-9f0f-5dc4-013fa2f735de,NVIDIA GeForce RTX 2080 SUPER,3886,8192,91,76,189.79
1791277241.526704,1,GPU-aec1288f-4556-3b77-af1b-45bf7ee3d8f5,NVIDIA GeForce RTX 2080 SUPER,2655,8192,4,49,53.67
1791277242.0605361,0,GPU-835f8262-5251-9f0f-5dc4-013fa2f735de,NVIDIA GeForce RTX 2080 SUPER,3886,8192,91,76,189.56
1791277242.0605361,1,GPU-aec1288f-4556-3b77-af1b-45bf7ee3d8f5,NVIDIA GeForce RTX 2080 SUPER,2656,8192,4,49,53.70
1791277242.5927103,0,GPU-835f8262-5251-9f0f-5dc4-013fa2f735de,NVIDIA GeForce RTX 2080 SUPER,3886,8192,91,76,193.73
1791277242.5927103,1,GPU-aec1288f-4556-3b77-af1b-45bf7ee3d8f5,NVIDIA GeForce RTX 2080 SUPER,2659,8192,3,49,54.00
1791277243.1252337,0,GPU-835f8262-5251-9f0f-5dc4-013fa2f735de,NVIDIA GeForce RTX 2080 SUPER,3886,8192,91,77,194.13
1791277243.1252337,1,GPU-aec1288f-4556-3b77-af1b-45bf7ee3d8f5,NVIDIA GeForce RTX 2080 SUPER,2654,8192,3,50,53.78
1791277243.658747,0,GPU-835f8262-5251-9f0f-5dc4-013fa2f735de,NVIDIA GeForce RTX 2080 SUPER,3886,8192,92,77,193.82
1791277243.658747,1,GPU-aec1288f-4556-3b77-af1b-45bf7ee3d8f5,NVIDIA GeForce RTX 2080 SUPER,2654,8192,3,50,54.14
1791277244.1895032,0,GPU-835f8262-5251-9f0f-5dc4-013fa2f735de,NVIDIA GeForce RTX 2080 SUPER,3886,8192,92,77,197.37
1791277244.1895032,1,GPU-aec1288f-4556-3b77-af1b-45bf7ee3d8f5,NVIDIA GeForce RTX 2080 SUPER,2658,8192,3,50,54.20
1791277244.72047,0,GPU-835f8262-5251-9f0f-5dc4-013fa2f735de,NVIDIA GeForce RTX 2080 SUPER,3886,8192,91,77,199.97
1791277244.72047,1,GPU-aec1288f-4556-3b77-af1b-45bf7ee3d8f5,NVIDIA GeForce RTX 2080 SUPER,2658,8192,4,50,53.61
1791277245.2535343,0,GPU-835f8262-5251-9f0f-5dc4-013fa2f735de,NVIDIA GeForce RTX 2080 SUPER,3886,8192,91,78,199.34
1791277245.2535343,1,GPU-aec1288f-4556-3b77-af1b-45bf7ee3d8f5,NVIDIA GeForce RTX 2080 SUPER,2657,8192,4,50,53.86
1791277245.7853563,0,GPU-835f8262-5251-9f0f-5dc4-013fa2f735de,NVIDIA GeForce RTX 2080 SUPER,3886,8192,92,77,199.92
1791277245.7853563,1,GPU-aec1288f-4556-3b77-af1b-45bf7ee3d8f5,NVIDIA GeForce RTX 2080 SUPER,2657,8192,3,50,53.60
1791277246.3157356,0,GPU-835f8262-5251-9f0f-5dc4-013fa2f735de,NVIDIA GeForce RTX 2080 SUPER,3886,8192,92,78,198.84
1791277246.3157356,1,GPU-aec1288f-4556-3b77-af1b-45bf7ee3d8f5,NVIDIA GeForce RTX 2080 SUPER,2656,8192,3,50,53.70
1791277246.861444,0,GPU-835f8262-5251-9f0f-5dc4-013fa2f735de,NVIDIA GeForce RTX 2080 SUPER,3886,8192,92,78,198.95
1791277246.861444,1,GPU-aec1288f-4556-3b77-af1b-45bf7ee3d8f5,NVIDIA GeForce RTX 2080 SUPER,2648,8192,3,50,53.82
1791277247.404463,0,GPU-835f8262-5251-9f0f-5dc4-013fa2f735de,NVIDIA GeForce RTX 2080 SUPER,3886,8192,92,78,194.32
1791277247.404463,1,GPU-aec1288f-4556-3b77-af1b-45bf7ee3d8f5,NVIDIA GeForce RTX 2080 SUPER,2645,8192,3,49,25.83
1791277247.9537942,0,GPU-835f8262-5251-9f0f-5dc4-013fa2f735de,NVIDIA GeForce RTX 2080 SUPER,3886,8192,92,78,199.64
1791277247.9537942,1,GPU-aec1288f-4556-3b77-af1b-45bf7ee3d8f5,NVIDIA GeForce RTX 2080 SUPER,2646,8192,10,49,23.04
1791277248.4992373,0,GPU-835f8262-5251-9f0f-5dc4-013fa2f735de,NVIDIA GeForce RTX 2080 SUPER,3886,8192,92,78,199.15
1791277248.4992373,1,GPU-aec1288f-4556-3b77-af1b-45bf7ee3d8f5,NVIDIA GeForce RTX 2080 SUPER,2651,8192,10,49,20.47
1791277249.0524242,0,GPU-835f8262-5251-9f0f-5dc4-013fa2f735de,NVIDIA GeForce RTX 2080 SUPER,3886,8192,91,78,199.32
1791277249.0524242,1,GPU-aec1288f-4556-3b77-af1b-45bf7ee3d8f5,NVIDIA GeForce RTX 2080 SUPER,2651,8192,26,49,23.99
1791277249.6022277,0,GPU-835f8262-5251-9f0f-5dc4-013fa2f735de,NVIDIA GeForce RTX 2080 SUPER,3886,8192,92,79,200.25
1791277249.6022277,1,GPU-aec1288f-4556-3b77-af1b-45bf7ee3d8f5,NVIDIA GeForce RTX 2080 SUPER,2643,8192,27,48,20.50
1791277250.1471636,0,GPU-835f8262-5251-9f0f-5dc4-013fa2f735de,NVIDIA GeForce RTX 2080 SUPER,3886,8192,92,79,199.93
1791277250.1471636,1,GPU-aec1288f-4556-3b77-af1b-45bf7ee3d8f5,NVIDIA GeForce RTX 2080 SUPER,2639,8192,27,48,23.26
1791277250.6983414,0,GPU-835f8262-5251-9f0f-5dc4-013fa2f735de,NVIDIA GeForce RTX 2080 SUPER,3886,8192,92,79,194.46
1791277250.6983414,1,GPU-aec1288f-4556-3b77-af1b-45bf7ee3d8f5,NVIDIA GeForce RTX 2080 SUPER,2651,8192,33,49,22.64
1791277251.2472413,0,GPU-835f8262-5251-9f0f-5dc4-013fa2f735de,NVIDIA GeForce RTX 2080 SUPER,3886,8192,92,79,201.82
1791277251.2472413,1,GPU-aec1288f-4556-3b77-af1b-45bf7ee3d8f5,NVIDIA GeForce RTX 2080 SUPER,2648,8192,33,48,20.83
1791277251.7788625,0,GPU-835f8262-5251-9f0f-5dc4-013fa2f735de,NVIDIA GeForce RTX 2080 SUPER,3886,8192,77,79,200.47
1791277251.7788625,1,GPU-aec1288f-4556-3b77-af1b-45bf7ee3d8f5,NVIDIA GeForce RTX 2080 SUPER,2648,8192,22,50,54.37
1791277252.3095272,0,GPU-835f8262-5251-9f0f-5dc4-013fa2f735de,NVIDIA GeForce RTX 2080 SUPER,3886,8192,77,79,200.94
1791277252.3095272,1,GPU-aec1288f-4556-3b77-af1b-45bf7ee3d8f5,NVIDIA GeForce RTX 2080 SUPER,2642,8192,22,50,54.30
1791277252.8424988,0,GPU-835f8262-5251-9f0f-5dc4-013fa2f735de,NVIDIA GeForce RTX 2080 SUPER,3886,8192,92,79,193.48
1791277252.8424988,1,GPU-aec1288f-4556-3b77-af1b-45bf7ee3d8f5,NVIDIA GeForce RTX 2080 SUPER,2642,8192,3,50,54.69
1791277253.3744361,0,GPU-835f8262-5251-9f0f-5dc4-013fa2f735de,NVIDIA GeForce RTX 2080 SUPER,3886,8192,92,79,200.19
1791277253.3744361,1,GPU-aec1288f-4556-3b77-af1b-45bf7ee3d8f5,NVIDIA GeForce RTX 2080 SUPER,2641,8192,3,50,54.73
1791277253.906117,0,GPU-835f8262-5251-9f0f-5dc4-013fa2f735de,NVIDIA GeForce RTX 2080 SUPER,3886,8192,92,79,200.12
1791277253.906117,1,GPU-aec1288f-4556-3b77-af1b-45bf7ee3d8f5,NVIDIA GeForce RTX 2080 SUPER,2642,8192,3,50,55.03
1791277254.4382625,0,GPU-835f8262-5251-9f0f-5dc4-013fa2f735de,NVIDIA GeForce RTX 2080 SUPER,3886,8192,92,79,200.94
1791277254.4382625,1,GPU-aec1288f-4556-3b77-af1b-45bf7ee3d8f5,NVIDIA GeForce RTX 2080 SUPER,2641,8192,3,50,55.04
1791277254.971025,0,GPU-835f8262-5251-9f0f-5dc4-013fa2f735de,NVIDIA GeForce RTX 2080 SUPER,3886,8192,92,80,200.35
1791277254.971025,1,GPU-aec1288f-4556-3b77-af1b-45bf7ee3d8f5,NVIDIA GeForce RTX 2080 SUPER,2642,8192,4,50,54.48
1791277255.5040255,0,GPU-835f8262-5251-9f0f-5dc4-013fa2f735de,NVIDIA GeForce RTX 2080 SUPER,3886,8192,92,80,201.12
1791277255.5040255,1,GPU-aec1288f-4556-3b77-af1b-45bf7ee3d8f5,NVIDIA GeForce RTX 2080 SUPER,2632,8192,4,50,54.69
1791277256.035718,0,GPU-835f8262-5251-9f0f-5dc4-013fa2f735de,NVIDIA GeForce RTX 2080 SUPER,3886,8192,92,80,195.97
1791277256.035718,1,GPU-aec1288f-4556-3b77-af1b-45bf7ee3d8f5,NVIDIA GeForce RTX 2080 SUPER,2631,8192,3,50,54.65
1791277256.5676672,0,GPU-835f8262-5251-9f0f-5dc4-013fa2f735de,NVIDIA GeForce RTX 2080 SUPER,3886,8192,92,80,201.61
1791277256.5676672,1,GPU-aec1288f-4556-3b77-af1b-45bf7ee3d8f5,NVIDIA GeForce RTX 2080 SUPER,2631,8192,3,50,54.56
1791277257.098255,0,GPU-835f8262-5251-9f0f-5dc4-013fa2f735de,NVIDIA GeForce RTX 2080 SUPER,3886,8192,92,79,200.38
1791277257.098255,1,GPU-aec1288f-4556-3b77-af1b-45bf7ee3d8f5,NVIDIA GeForce RTX 2080 SUPER,2631,8192,3,51,55.02
1791277257.631306,0,GPU-835f8262-5251-9f0f-5dc4-013fa2f735de,NVIDIA GeForce RTX 2080 SUPER,3886,8192,92,80,200.70
1791277257.631306,1,GPU-aec1288f-4556-3b77-af1b-45bf7ee3d8f5,NVIDIA GeForce RTX 2080 SUPER,2632,8192,3,51,54.73
1791277258.1639357,0,GPU-835f8262-5251-9f0f-5dc4-013fa2f735de,NVIDIA GeForce RTX 2080 SUPER,3886,8192,92,80,202.02
1791277258.1639357,1,GPU-aec1288f-4556-3b77-af1b-45bf7ee3d8f5,NVIDIA GeForce RTX 2080 SUPER,2633,8192,3,51,55.10
1791277258.695983,0,GPU-835f8262-5251-9f0f-5dc4-013fa2f735de,NVIDIA GeForce RTX 2080 SUPER,3886,8192,92,80,202.14
1791277258.695983,1,GPU-aec1288f-4556-3b77-af1b-45bf7ee3d8f5,NVIDIA GeForce RTX 2080 SUPER,2633,8192,4,51,54.87
1791277259.2276893,0,GPU-835f8262-5251-9f0f-5dc4-013fa2f735de,NVIDIA GeForce RTX 2080 SUPER,3886,8192,92,80,201.97
1791277259.2276893,1,GPU-aec1288f-4556-3b77-af1b-45bf7ee3d8f5,NVIDIA GeForce RTX 2080 SUPER,2633,8192,4,51,54.63
1791277259.760718,0,GPU-835f8262-5251-9f0f-5dc4-013fa2f735de,NVIDIA GeForce RTX 2080 SUPER,3886,8192,92,80,201.55
1791277259.760718,1,GPU-aec1288f-4556-3b77-af1b-45bf7ee3d8f5,NVIDIA GeForce RTX 2080 SUPER,2633,8192,3,51,54.83
1791277260.2920074,0,GPU-835f8262-5251-9f0f-5dc4-013fa2f735de,NVIDIA GeForce RTX 2080 SUPER,3886,8192,92,80,201.26
1791277260.2920074,1,GPU-aec1288f-4556-3b77-af1b-45bf7ee3d8f5,NVIDIA GeForce RTX 2080 SUPER,2635,8192,3,51,54.55
1791277260.824401,0,GPU-835f8262-5251-9f0f-5dc4-013fa2f735de,NVIDIA GeForce RTX 2080 SUPER,3886,8192,92,80,200.70
1791277260.824401,1,GPU-aec1288f-4556-3b77-af1b-45bf7ee3d8f5,NVIDIA GeForce RTX 2080 SUPER,2641,8192,3,51,54.60
1791277261.3568144,0,GPU-835f8262-5251-9f0f-5dc4-013fa2f735de,NVIDIA GeForce RTX 2080 SUPER,3886,8192,92,80,196.32
1791277261.3568144,1,GPU-aec1288f-4556-3b77-af1b-45bf7ee3d8f5,NVIDIA GeForce RTX 2080 SUPER,2640,8192,3,51,54.85
1791277261.8886435,0,GPU-835f8262-5251-9f0f-5dc4-013fa2f735de,NVIDIA GeForce RTX 2080 SUPER,3886,8192,92,80,202.36
1791277261.8886435,1,GPU-aec1288f-4556-3b77-af1b-45bf7ee3d8f5,NVIDIA GeForce RTX 2080 SUPER,2641,8192,3,51,54.75
1791277262.4419942,0,GPU-835f8262-5251-9f0f-5dc4-013fa2f735de,NVIDIA GeForce RTX 2080 SUPER,3886,8192,92,80,193.60
1791277262.4419942,1,GPU-aec1288f-4556-3b77-af1b-45bf7ee3d8f5,NVIDIA GeForce RTX 2080 SUPER,2671,8192,3,51,55.24
1791277262.9740958,0,GPU-835f8262-5251-9f0f-5dc4-013fa2f735de,NVIDIA GeForce RTX 2080 SUPER,3886,8192,90,80,200.96
1791277262.9740958,1,GPU-aec1288f-4556-3b77-af1b-45bf7ee3d8f5,NVIDIA GeForce RTX 2080 SUPER,2673,8192,5,51,55.28
1791277263.5062032,0,GPU-835f8262-5251-9f0f-5dc4-013fa2f735de,NVIDIA GeForce RTX 2080 SUPER,3886,8192,90,81,195.40
1791277263.5062032,1,GPU-aec1288f-4556-3b77-af1b-45bf7ee3d8f5,NVIDIA GeForce RTX 2080 SUPER,2673,8192,5,51,54.97
1791277264.038445,0,GPU-835f8262-5251-9f0f-5dc4-013fa2f735de,NVIDIA GeForce RTX 2080 SUPER,3886,8192,91,81,201.86
1791277264.038445,1,GPU-aec1288f-4556-3b77-af1b-45bf7ee3d8f5,NVIDIA GeForce RTX 2080 SUPER,2671,8192,3,51,54.91
1791277264.5708003,0,GPU-835f8262-5251-9f0f-5dc4-013fa2f735de,NVIDIA GeForce RTX 2080 SUPER,3886,8192,92,81,202.93
1791277264.5708003,1,GPU-aec1288f-4556-3b77-af1b-45bf7ee3d8f5,NVIDIA GeForce RTX 2080 SUPER,2667,8192,3,51,54.75
1791277265.1036193,0,GPU-835f8262-5251-9f0f-5dc4-013fa2f735de,NVIDIA GeForce RTX 2080 SUPER,3886,8192,92,81,202.42
1791277265.1036193,1,GPU-aec1288f-4556-3b77-af1b-45bf7ee3d8f5,NVIDIA GeForce RTX 2080 SUPER,2666,8192,3,51,55.17
1791277265.635163,0,GPU-835f8262-5251-9f0f-5dc4-013fa2f735de,NVIDIA GeForce RTX 2080 SUPER,3886,8192,93,81,201.69
1791277265.635163,1,GPU-aec1288f-4556-3b77-af1b-45bf7ee3d8f5,NVIDIA GeForce RTX 2080 SUPER,2666,8192,3,51,54.89
1791277266.1681235,0,GPU-835f8262-5251-9f0f-5dc4-013fa2f735de,NVIDIA GeForce RTX 2080 SUPER,3886,8192,93,81,203.02
1791277266.1681235,1,GPU-aec1288f-4556-3b77-af1b-45bf7ee3d8f5,NVIDIA GeForce RTX 2080 SUPER,2661,8192,3,52,55.37
1791277266.703733,0,GPU-835f8262-5251-9f0f-5dc4-013fa2f735de,NVIDIA GeForce RTX 2080 SUPER,3886,8192,92,81,201.84
1791277266.703733,1,GPU-aec1288f-4556-3b77-af1b-45bf7ee3d8f5,NVIDIA GeForce RTX 2080 SUPER,2661,8192,4,52,55.20
1791277267.2379136,0,GPU-835f8262-5251-9f0f-5dc4-013fa2f735de,NVIDIA GeForce RTX 2080 SUPER,3886,8192,92,81,197.88
1791277267.2379136,1,GPU-aec1288f-4556-3b77-af1b-45bf7ee3d8f5,NVIDIA GeForce RTX 2080 SUPER,2661,8192,4,52,54.91
1791277267.7725427,0,GPU-835f8262-5251-9f0f-5dc4-013fa2f735de,NVIDIA GeForce RTX 2080 SUPER,3886,8192,92,81,202.44
1791277267.7725427,1,GPU-aec1288f-4556-3b77-af1b-45bf7ee3d8f5,NVIDIA GeForce RTX 2080 SUPER,2638,8192,3,52,55.06
1791277268.3144634,0,GPU-835f8262-5251-9f0f-5dc4-013fa2f735de,NVIDIA GeForce RTX 2080 SUPER,3886,8192,92,81,200.79
1791277268.3144634,1,GPU-aec1288f-4556-3b77-af1b-45bf7ee3d8f5,NVIDIA GeForce RTX 2080 SUPER,2638,8192,3,51,26.19
1791277268.8683,0,GPU-835f8262-5251-9f0f-5dc4-013fa2f735de,NVIDIA GeForce RTX 2080 SUPER,3886,8192,92,81,202.01
1791277268.8683,1,GPU-aec1288f-4556-3b77-af1b-45bf7ee3d8f5,NVIDIA GeForce RTX 2080 SUPER,2638,8192,9,50,21.50
1791277269.4135106,0,GPU-835f8262-5251-9f0f-5dc4-013fa2f735de,NVIDIA GeForce RTX 2080 SUPER,3886,8192,92,81,203.55
1791277269.4135106,1,GPU-aec1288f-4556-3b77-af1b-45bf7ee3d8f5,NVIDIA GeForce RTX 2080 SUPER,2638,8192,9,50,20.82
1791277269.9644184,0,GPU-835f8262-5251-9f0f-5dc4-013fa2f735de,NVIDIA GeForce RTX 2080 SUPER,3886,8192,93,81,202.11
1791277269.9644184,1,GPU-aec1288f-4556-3b77-af1b-45bf7ee3d8f5,NVIDIA GeForce RTX 2080 SUPER,2638,8192,20,50,22.64
1791277270.5159197,0,GPU-835f8262-5251-9f0f-5dc4-013fa2f735de,NVIDIA GeForce RTX 2080 SUPER,3886,8192,93,81,197.91
1791277270.5159197,1,GPU-aec1288f-4556-3b77-af1b-45bf7ee3d8f5,NVIDIA GeForce RTX 2080 SUPER,2638,8192,20,50,23.93
1791277271.0630217,0,GPU-835f8262-5251-9f0f-5dc4-013fa2f735de,NVIDIA GeForce RTX 2080 SUPER,3886,8192,92,81,203.38
1791277271.0630217,1,GPU-aec1288f-4556-3b77-af1b-45bf7ee3d8f5,NVIDIA GeForce RTX 2080 SUPER,2638,8192,33,50,21.24
1791277271.6127746,0,GPU-835f8262-5251-9f0f-5dc4-013fa2f735de,NVIDIA GeForce RTX 2080 SUPER,3886,8192,92,81,203.39
1791277271.6127746,1,GPU-aec1288f-4556-3b77-af1b-45bf7ee3d8f5,NVIDIA GeForce RTX 2080 SUPER,2638,8192,33,50,20.63
1791277272.1607752,0,GPU-835f8262-5251-9f0f-5dc4-013fa2f735de,NVIDIA GeForce RTX 2080 SUPER,3886,8192,92,81,204.16
1791277272.1607752,1,GPU-aec1288f-4556-3b77-af1b-45bf7ee3d8f5,NVIDIA GeForce RTX 2080 SUPER,2638,8192,21,50,20.71
1791277272.6926131,0,GPU-835f8262-5251-9f0f-5dc4-013fa2f735de,NVIDIA GeForce RTX 2080 SUPER,3886,8192,78,80,202.35
1791277272.6926131,1,GPU-aec1288f-4556-3b77-af1b-45bf7ee3d8f5,NVIDIA GeForce RTX 2080 SUPER,2638,8192,21,52,54.86
1791277273.2257872,0,GPU-835f8262-5251-9f0f-5dc4-013fa2f735de,NVIDIA GeForce RTX 2080 SUPER,3886,8192,78,81,203.84
1791277273.2257872,1,GPU-aec1288f-4556-3b77-af1b-45bf7ee3d8f5,NVIDIA GeForce RTX 2080 SUPER,2638,8192,21,52,55.19
1791277273.7587478,0,GPU-835f8262-5251-9f0f-5dc4-013fa2f735de,NVIDIA GeForce RTX 2080 SUPER,3886,8192,93,81,203.78
1791277273.7587478,1,GPU-aec1288f-4556-3b77-af1b-45bf7ee3d8f5,NVIDIA GeForce RTX 2080 SUPER,2638,8192,3,52,55.19
1791277274.2926166,0,GPU-835f8262-5251-9f0f-5dc4-013fa2f735de,NVIDIA GeForce RTX 2080 SUPER,3886,8192,93,81,201.77
1791277274.2926166,1,GPU-aec1288f-4556-3b77-af1b-45bf7ee3d8f5,NVIDIA GeForce RTX 2080 SUPER,2638,8192,3,52,55.64
1791277274.8260975,0,GPU-835f8262-5251-9f0f-5dc4-013fa2f735de,NVIDIA GeForce RTX 2080 SUPER,3886,8192,92,81,202.82
1791277274.8260975,1,GPU-aec1288f-4556-3b77-af1b-45bf7ee3d8f5,NVIDIA GeForce RTX 2080 SUPER,2638,8192,4,52,55.72
1791277275.3621368,0,GPU-835f8262-5251-9f0f-5dc4-013fa2f735de,NVIDIA GeForce RTX 2080 SUPER,3886,8192,92,81,203.79
1791277275.3621368,1,GPU-aec1288f-4556-3b77-af1b-45bf7ee3d8f5,NVIDIA GeForce RTX 2080 SUPER,2638,8192,4,52,55.50
1791277275.8945735,0,GPU-835f8262-5251-9f0f-5dc4-013fa2f735de,NVIDIA GeForce RTX 2080 SUPER,3886,8192,92,82,198.49
1791277275.8945735,1,GPU-aec1288f-4556-3b77-af1b-45bf7ee3d8f5,NVIDIA GeForce RTX 2080 SUPER,2638,8192,3,52,55.69
1791277276.4286308,0,GPU-835f8262-5251-9f0f-5dc4-013fa2f735de,NVIDIA GeForce RTX 2080 SUPER,3886,8192,92,81,204.29
1791277276.4286308,1,GPU-aec1288f-4556-3b77-af1b-45bf7ee3d8f5,NVIDIA GeForce RTX 2080 SUPER,2638,8192,3,52,55.29
1791277276.9628372,0,GPU-835f8262-5251-9f0f-5dc4-013fa2f735de,NVIDIA GeForce RTX 2080 SUPER,3886,8192,92,81,202.03
1791277276.9628372,1,GPU-aec1288f-4556-3b77-af1b-45bf7ee3d8f5,NVIDIA GeForce RTX 2080 SUPER,2638,8192,3,52,55.30
1791277277.5010715,0,GPU-835f8262-5251-9f0f-5dc4-013fa2f735de,NVIDIA GeForce RTX 2080 SUPER,3886,8192,92,81,201.21
1791277277.5010715,1,GPU-aec1288f-4556-3b77-af1b-45bf7ee3d8f5,NVIDIA GeForce RTX 2080 SUPER,2638,8192,3,52,55.19
1791277278.0344417,0,GPU-835f8262-5251-9f0f-5dc4-013fa2f735de,NVIDIA GeForce RTX 2080 SUPER,3886,8192,92,82,203.19
1791277278.0344417,1,GPU-aec1288f-4556-3b77-af1b-45bf7ee3d8f5,NVIDIA GeForce RTX 2080 SUPER,2638,8192,3,52,56.00
1791277278.564825,0,GPU-835f8262-5251-9f0f-5dc4-013fa2f735de,NVIDIA GeForce RTX 2080 SUPER,3886,8192,92,82,198.74
1791277278.564825,1,GPU-aec1288f-4556-3b77-af1b-45bf7ee3d8f5,NVIDIA GeForce RTX 2080 SUPER,2638,8192,3,52,55.67
1791277279.0981236,0,GPU-835f8262-5251-9f0f-5dc4-013fa2f735de,NVIDIA GeForce RTX 2080 SUPER,3886,8192,92,82,199.03
1791277279.0981236,1,GPU-aec1288f-4556-3b77-af1b-45bf7ee3d8f5,NVIDIA GeForce RTX 2080 SUPER,2638,8192,5,52,55.70
1791277279.6327798,0,GPU-835f8262-5251-9f0f-5dc4-013fa2f735de,NVIDIA GeForce RTX 2080 SUPER,3886,8192,93,82,204.01
1791277279.6327798,1,GPU-aec1288f-4556-3b77-af1b-45bf7ee3d8f5,NVIDIA GeForce RTX 2080 SUPER,2638,8192,5,52,55.38
1791277280.1700048,0,GPU-835f8262-5251-9f0f-5dc4-013fa2f735de,NVIDIA GeForce RTX 2080 SUPER,3886,8192,93,82,201.97
1791277280.1700048,1,GPU-aec1288f-4556-3b77-af1b-45bf7ee3d8f5,NVIDIA GeForce RTX 2080 SUPER,2638,8192,3,52,55.42
1791277280.704285,0,GPU-835f8262-5251-9f0f-5dc4-013fa2f735de,NVIDIA GeForce RTX 2080 SUPER,3886,8192,92,82,202.81
1791277280.704285,1,GPU-aec1288f-4556-3b77-af1b-45bf7ee3d8f5,NVIDIA GeForce RTX 2080 SUPER,2638,8192,3,52,55.35
1791277281.238669,0,GPU-835f8262-5251-9f0f-5dc4-013fa2f735de,NVIDIA GeForce RTX 2080 SUPER,3886,8192,92,82,203.04
1791277281.238669,1,GPU-aec1288f-4556-3b77-af1b-45bf7ee3d8f5,NVIDIA GeForce RTX 2080 SUPER,2638,8192,3,52,55.23
1791277281.7700703,0,GPU-835f8262-5251-9f0f-5dc4-013fa2f735de,NVIDIA GeForce RTX 2080 SUPER,3886,8192,92,82,199.70
1791277281.7700703,1,GPU-aec1288f-4556-3b77-af1b-45bf7ee3d8f5,NVIDIA GeForce RTX 2080 SUPER,2638,8192,3,52,55.01
1791277282.3332174,0,GPU-835f8262-5251-9f0f-5dc4-013fa2f735de,NVIDIA GeForce RTX 2080 SUPER,3886,8192,92,82,204.16
1791277282.3332174,1,GPU-aec1288f-4556-3b77-af1b-45bf7ee3d8f5,NVIDIA GeForce RTX 2080 SUPER,2638,8192,3,53,55.31
1791277282.8699074,0,GPU-835f8262-5251-9f0f-5dc4-013fa2f735de,NVIDIA GeForce RTX 2080 SUPER,3886,8192,92,81,199.91
1791277282.8699074,1,GPU-aec1288f-4556-3b77-af1b-45bf7ee3d8f5,NVIDIA GeForce RTX 2080 SUPER,2638,8192,4,53,55.17
1791277283.40402,0,GPU-835f8262-5251-9f0f-5dc4-013fa2f735de,NVIDIA GeForce RTX 2080 SUPER,3886,8192,92,82,198.91
1791277283.40402,1,GPU-aec1288f-4556-3b77-af1b-45bf7ee3d8f5,NVIDIA GeForce RTX 2080 SUPER,2638,8192,4,53,55.17
1791277283.936933,0,GPU-835f8262-5251-9f0f-5dc4-013fa2f735de,NVIDIA GeForce RTX 2080 SUPER,3886,8192,92,81,200.14
1791277283.936933,1,GPU-aec1288f-4556-3b77-af1b-45bf7ee3d8f5,NVIDIA GeForce RTX 2080 SUPER,2638,8192,3,53,55.36
1791277284.470833,0,GPU-835f8262-5251-9f0f-5dc4-013fa2f735de,NVIDIA GeForce RTX 2080 SUPER,3886,8192,92,82,194.76
1791277284.470833,1,GPU-aec1288f-4556-3b77-af1b-45bf7ee3d8f5,NVIDIA GeForce RTX 2080 SUPER,2638,8192,3,53,55.19
1791277285.0043426,0,GPU-835f8262-5251-9f0f-5dc4-013fa2f735de,NVIDIA GeForce RTX 2080 SUPER,3886,8192,92,82,201.41
1791277285.0043426,1,GPU-aec1288f-4556-3b77-af1b-45bf7ee3d8f5,NVIDIA GeForce RTX 2080 SUPER,2638,8192,3,53,55.23
1791277285.5362227,0,GPU-835f8262-5251-9f0f-5dc4-013fa2f735de,NVIDIA GeForce RTX 2080 SUPER,3886,8192,92,82,201.31
1791277285.5362227,1,GPU-aec1288f-4556-3b77-af1b-45bf7ee3d8f5,NVIDIA GeForce RTX 2080 SUPER,2638,8192,3,53,55.25
1791277286.0664613,0,GPU-835f8262-5251-9f0f-5dc4-013fa2f735de,NVIDIA GeForce RTX 2080 SUPER,3886,8192,92,82,199.90
1791277286.0664613,1,GPU-aec1288f-4556-3b77-af1b-45bf7ee3d8f5,NVIDIA GeForce RTX 2080 SUPER,2638,8192,3,53,55.68
1791277286.598825,0,GPU-835f8262-5251-9f0f-5dc4-013fa2f735de,NVIDIA GeForce RTX 2080 SUPER,3886,8192,92,82,200.38
1791277286.598825,1,GPU-aec1288f-4556-3b77-af1b-45bf7ee3d8f5,NVIDIA GeForce RTX 2080 SUPER,2638,8192,3,53,55.44
1791277287.1363852,0,GPU-835f8262-5251-9f0f-5dc4-013fa2f735de,NVIDIA GeForce RTX 2080 SUPER,3886,8192,92,82,200.46
1791277287.1363852,1,GPU-aec1288f-4556-3b77-af1b-45bf7ee3d8f5,NVIDIA GeForce RTX 2080 SUPER,2638,8192,5,53,55.29
1791277287.669344,0,GPU-835f8262-5251-9f0f-5dc4-013fa2f735de,NVIDIA GeForce RTX 2080 SUPER,3886,8192,92,82,196.37
1791277287.669344,1,GPU-aec1288f-4556-3b77-af1b-45bf7ee3d8f5,NVIDIA GeForce RTX 2080 SUPER,2638,8192,5,53,55.20
1791277288.20289,0,GPU-835f8262-5251-9f0f-5dc4-013fa2f735de,NVIDIA GeForce RTX 2080 SUPER,3886,8192,92,82,201.18
1791277288.20289,1,GPU-aec1288f-4556-3b77-af1b-45bf7ee3d8f5,NVIDIA GeForce RTX 2080 SUPER,2638,8192,3,53,55.53
1791277288.7345755,0,GPU-835f8262-5251-9f0f-5dc4-013fa2f735de,NVIDIA GeForce RTX 2080 SUPER,3886,8192,93,82,200.38
1791277288.7345755,1,GPU-aec1288f-4556-3b77-af1b-45bf7ee3d8f5,NVIDIA GeForce RTX 2080 SUPER,2638,8192,3,53,55.56
1791277289.2684798,0,GPU-835f8262-5251-9f0f-5dc4-013fa2f735de,NVIDIA GeForce RTX 2080 SUPER,3886,8192,93,82,201.26
1791277289.2684798,1,GPU-aec1288f-4556-3b77-af1b-45bf7ee3d8f5,NVIDIA GeForce RTX 2080 SUPER,2638,8192,3,53,55.48
1791277289.8004513,0,GPU-835f8262-5251-9f0f-5dc4-013fa2f735de,NVIDIA GeForce RTX 2080 SUPER,3886,8192,92,82,201.01
1791277289.8004513,1,GPU-aec1288f-4556-3b77-af1b-45bf7ee3d8f5,NVIDIA GeForce RTX 2080 SUPER,2638,8192,3,53,55.52
1791277290.3438733,0,GPU-835f8262-5251-9f0f-5dc4-013fa2f735de,NVIDIA GeForce RTX 2080 SUPER,3886,8192,92,82,200.14
1791277290.3438733,1,GPU-aec1288f-4556-3b77-af1b-45bf7ee3d8f5,NVIDIA GeForce RTX 2080 SUPER,2638,8192,3,52,26.91
1791277290.8848808,0,GPU-835f8262-5251-9f0f-5dc4-013fa2f735de,NVIDIA GeForce RTX 2080 SUPER,3886,8192,93,82,201.70
1791277290.8848808,1,GPU-aec1288f-4556-3b77-af1b-45bf7ee3d8f5,NVIDIA GeForce RTX 2080 SUPER,2638,8192,17,52,23.44
1791277291.428149,0,GPU-835f8262-5251-9f0f-5dc4-013fa2f735de,NVIDIA GeForce RTX 2080 SUPER,3886,8192,93,82,201.07
1791277291.428149,1,GPU-aec1288f-4556-3b77-af1b-45bf7ee3d8f5,NVIDIA GeForce RTX 2080 SUPER,2638,8192,17,52,21.11
1791277291.9787955,0,GPU-835f8262-5251-9f0f-5dc4-013fa2f735de,NVIDIA GeForce RTX 2080 SUPER,3886,8192,92,82,199.10
1791277291.9787955,1,GPU-aec1288f-4556-3b77-af1b-45bf7ee3d8f5,NVIDIA GeForce RTX 2080 SUPER,2638,8192,19,52,21.54
1791277292.5260484,0,GPU-835f8262-5251-9f0f-5dc4-013fa2f735de,NVIDIA GeForce RTX 2080 SUPER,3886,8192,92,82,201.15
1791277292.5260484,1,GPU-aec1288f-4556-3b77-af1b-45bf7ee3d8f5,NVIDIA GeForce RTX 2080 SUPER,2638,8192,19,52,20.97
1791277293.0821018,0,GPU-835f8262-5251-9f0f-5dc4-013fa2f735de,NVIDIA GeForce RTX 2080 SUPER,3886,8192,93,82,199.20
1791277293.0821018,1,GPU-aec1288f-4556-3b77-af1b-45bf7ee3d8f5,NVIDIA GeForce RTX 2080 SUPER,2638,8192,21,52,20.80
1791277293.627122,0,GPU-835f8262-5251-9f0f-5dc4-013fa2f735de,NVIDIA GeForce RTX 2080 SUPER,3886,8192,93,82,195.38
1791277293.627122,1,GPU-aec1288f-4556-3b77-af1b-45bf7ee3d8f5,NVIDIA GeForce RTX 2080 SUPER,2638,8192,21,52,21.81
1791277294.1800034,0,GPU-835f8262-5251-9f0f-5dc4-013fa2f735de,NVIDIA GeForce RTX 2080 SUPER,3886,8192,92,81,198.75
1791277294.1800034,1,GPU-aec1288f-4556-3b77-af1b-45bf7ee3d8f5,NVIDIA GeForce RTX 2080 SUPER,2639,8192,22,52,23.12
1791277294.728805,0,GPU-835f8262-5251-9f0f-5dc4-013fa2f735de,NVIDIA GeForce RTX 2080 SUPER,3886,8192,92,82,200.30
1791277294.728805,1,GPU-aec1288f-4556-3b77-af1b-45bf7ee3d8f5,NVIDIA GeForce RTX 2080 SUPER,2639,8192,22,52,23.35
1791277295.2800033,0,GPU-835f8262-5251-9f0f-5dc4-013fa2f735de,NVIDIA GeForce RTX 2080 SUPER,3886,8192,92,82,200.15
1791277295.2800033,1,GPU-aec1288f-4556-3b77-af1b-45bf7ee3d8f5,NVIDIA GeForce RTX 2080 SUPER,2638,8192,35,52,20.95
1791277295.8262544,0,GPU-835f8262-5251-9f0f-5dc4-013fa2f735de,NVIDIA GeForce RTX 2080 SUPER,3886,8192,92,82,200.48
1791277295.8262544,1,GPU-aec1288f-4556-3b77-af1b-45bf7ee3d8f5,NVIDIA GeForce RTX 2080 SUPER,2638,8192,21,52,21.09
1791277296.3698847,0,GPU-835f8262-5251-9f0f-5dc4-013fa2f735de,NVIDIA GeForce RTX 2080 SUPER,3886,8192,92,82,200.08
1791277296.3698847,1,GPU-aec1288f-4556-3b77-af1b-45bf7ee3d8f5,NVIDIA GeForce RTX 2080 SUPER,2638,8192,21,52,21.03
1791277296.9139957,0,GPU-835f8262-5251-9f0f-5dc4-013fa2f735de,NVIDIA GeForce RTX 2080 SUPER,3886,8192,92,82,193.95
1791277296.9139957,1,GPU-aec1288f-4556-3b77-af1b-45bf7ee3d8f5,NVIDIA GeForce RTX 2080 SUPER,2638,8192,21,52,20.89
1791277297.4608223,0,GPU-835f8262-5251-9f0f-5dc4-013fa2f735de,NVIDIA GeForce RTX 2080 SUPER,3886,8192,92,82,200.54
1791277297.4608223,1,GPU-aec1288f-4556-3b77-af1b-45bf7ee3d8f5,NVIDIA GeForce RTX 2080 SUPER,2638,8192,21,52,21.18
1791277298.0129564,0,GPU-835f8262-5251-9f0f-5dc4-013fa2f735de,NVIDIA GeForce RTX 2080 SUPER,3886,8192,92,82,200.63
1791277298.0129564,1,GPU-aec1288f-4556-3b77-af1b-45bf7ee3d8f5,NVIDIA GeForce RTX 2080 SUPER,2638,8192,22,52,23.06
1791277298.5620897,0,GPU-835f8262-5251-9f0f-5dc4-013fa2f735de,NVIDIA GeForce RTX 2080 SUPER,3886,8192,92,82,200.41
1791277298.5620897,1,GPU-aec1288f-4556-3b77-af1b-45bf7ee3d8f5,NVIDIA GeForce RTX 2080 SUPER,2638,8192,22,52,22.65
1791277299.1034863,0,GPU-835f8262-5251-9f0f-5dc4-013fa2f735de,NVIDIA GeForce RTX 2080 SUPER,3886,8192,92,82,201.27
1791277299.1034863,1,GPU-aec1288f-4556-3b77-af1b-45bf7ee3d8f5,NVIDIA GeForce RTX 2080 SUPER,2638,8192,32,52,21.00
1791277299.652309,0,GPU-835f8262-5251-9f0f-5dc4-013fa2f735de,NVIDIA GeForce RTX 2080 SUPER,3886,8192,92,82,199.56
1791277299.652309,1,GPU-aec1288f-4556-3b77-af1b-45bf7ee3d8f5,NVIDIA GeForce RTX 2080 SUPER,2638,8192,32,52,21.18
1791277300.2010074,0,GPU-835f8262-5251-9f0f-5dc4-013fa2f735de,NVIDIA GeForce RTX 2080 SUPER,3886,8192,92,82,194.95
1791277300.2010074,1,GPU-aec1288f-4556-3b77-af1b-45bf7ee3d8f5,NVIDIA GeForce RTX 2080 SUPER,2638,8192,21,51,21.77
1791277300.7472038,0,GPU-835f8262-5251-9f0f-5dc4-013fa2f735de,NVIDIA GeForce RTX 2080 SUPER,3886,8192,92,82,199.97
1791277300.7472038,1,GPU-aec1288f-4556-3b77-af1b-45bf7ee3d8f5,NVIDIA GeForce RTX 2080 SUPER,2638,8192,21,51,22.36
1791277301.2942057,0,GPU-835f8262-5251-9f0f-5dc4-013fa2f735de,NVIDIA GeForce RTX 2080 SUPER,3886,8192,92,82,201.01
1791277301.2942057,1,GPU-aec1288f-4556-3b77-af1b-45bf7ee3d8f5,NVIDIA GeForce RTX 2080 SUPER,2638,8192,21,51,21.04
1791277301.8446627,0,GPU-835f8262-5251-9f0f-5dc4-013fa2f735de,NVIDIA GeForce RTX 2080 SUPER,3886,8192,92,82,199.09
1791277301.8446627,1,GPU-aec1288f-4556-3b77-af1b-45bf7ee3d8f5,NVIDIA GeForce RTX 2080 SUPER,2638,8192,21,51,20.93
1791277302.3977685,0,GPU-835f8262-5251-9f0f-5dc4-013fa2f735de,NVIDIA GeForce RTX 2080 SUPER,3886,8192,92,82,188.79
1791277302.3977685,1,GPU-aec1288f-4556-3b77-af1b-45bf7ee3d8f5,NVIDIA GeForce RTX 2080 SUPER,2652,8192,24,52,22.89
1791277302.9410884,0,GPU-835f8262-5251-9f0f-5dc4-013fa2f735de,NVIDIA GeForce RTX 2080 SUPER,3886,8192,91,82,199.30
1791277302.9410884,1,GPU-aec1288f-4556-3b77-af1b-45bf7ee3d8f5,NVIDIA GeForce RTX 2080 SUPER,2652,8192,32,52,21.96
1791277303.4891696,0,GPU-835f8262-5251-9f0f-5dc4-013fa2f735de,NVIDIA GeForce RTX 2080 SUPER,3886,8192,91,82,201.09
1791277303.4891696,1,GPU-aec1288f-4556-3b77-af1b-45bf7ee3d8f5,NVIDIA GeForce RTX 2080 SUPER,2651,8192,32,51,22.22
1791277304.0363312,0,GPU-835f8262-5251-9f0f-5dc4-013fa2f735de,NVIDIA GeForce RTX 2080 SUPER,3886,8192,92,82,201.45
1791277304.0363312,1,GPU-aec1288f-4556-3b77-af1b-45bf7ee3d8f5,NVIDIA GeForce RTX 2080 SUPER,2651,8192,21,51,21.63
1791277304.595794,0,GPU-835f8262-5251-9f0f-5dc4-013fa2f735de,NVIDIA GeForce RTX 2080 SUPER,3886,8192,92,82,199.42
1791277304.595794,1,GPU-aec1288f-4556-3b77-af1b-45bf7ee3d8f5,NVIDIA GeForce RTX 2080 SUPER,2646,8192,21,51,21.55
1791277305.1403575,0,GPU-835f8262-5251-9f0f-5dc4-013fa2f735de,NVIDIA GeForce RTX 2080 SUPER,3886,8192,92,82,198.70
1791277305.1403575,1,GPU-aec1288f-4556-3b77-af1b-45bf7ee3d8f5,NVIDIA GeForce RTX 2080 SUPER,2646,8192,21,51,21.57
1791277305.6905699,0,GPU-835f8262-5251-9f0f-5dc4-013fa2f735de,NVIDIA GeForce RTX 2080 SUPER,3886,8192,92,82,200.86
1791277305.6905699,1,GPU-aec1288f-4556-3b77-af1b-45bf7ee3d8f5,NVIDIA GeForce RTX 2080 SUPER,2640,8192,21,51,21.60
1791277306.243634,0,GPU-835f8262-5251-9f0f-5dc4-013fa2f735de,NVIDIA GeForce RTX 2080 SUPER,3886,8192,92,82,201.05
1791277306.243634,1,GPU-aec1288f-4556-3b77-af1b-45bf7ee3d8f5,NVIDIA GeForce RTX 2080 SUPER,2642,8192,23,51,23.38
1791277306.7936604,0,GPU-835f8262-5251-9f0f-5dc4-013fa2f735de,NVIDIA GeForce RTX 2080 SUPER,3886,8192,92,82,196.27
1791277306.7936604,1,GPU-aec1288f-4556-3b77-af1b-45bf7ee3d8f5,NVIDIA GeForce RTX 2080 SUPER,2642,8192,23,51,23.10
1791277307.3373005,0,GPU-835f8262-5251-9f0f-5dc4-013fa2f735de,NVIDIA GeForce RTX 2080 SUPER,3886,8192,92,82,201.49
1791277307.3373005,1,GPU-aec1288f-4556-3b77-af1b-45bf7ee3d8f5,NVIDIA GeForce RTX 2080 SUPER,2635,8192,29,51,21.58
1791277307.8870387,0,GPU-835f8262-5251-9f0f-5dc4-013fa2f735de,NVIDIA GeForce RTX 2080 SUPER,3886,8192,92,82,199.44
1791277307.8870387,1,GPU-aec1288f-4556-3b77-af1b-45bf7ee3d8f5,NVIDIA GeForce RTX 2080 SUPER,2635,8192,29,51,21.08
1791277308.4344492,0,GPU-835f8262-5251-9f0f-5dc4-013fa2f735de,NVIDIA GeForce RTX 2080 SUPER,3886,8192,92,82,200.01
1791277308.4344492,1,GPU-aec1288f-4556-3b77-af1b-45bf7ee3d8f5,NVIDIA GeForce RTX 2080 SUPER,2634,8192,21,51,21.24
1791277308.980008,0,GPU-835f8262-5251-9f0f-5dc4-013fa2f735de,NVIDIA GeForce RTX 2080 SUPER,3886,8192,92,82,200.08
1791277308.980008,1,GPU-aec1288f-4556-3b77-af1b-45bf7ee3d8f5,NVIDIA GeForce RTX 2080 SUPER,2634,8192,21,51,21.09
1791277309.5249143,0,GPU-835f8262-5251-9f0f-5dc4-013fa2f735de,NVIDIA GeForce RTX 2080 SUPER,3886,8192,92,82,200.10
1791277309.5249143,1,GPU-aec1288f-4556-3b77-af1b-45bf7ee3d8f5,NVIDIA GeForce RTX 2080 SUPER,2634,8192,21,51,22.19
1791277310.0870638,0,GPU-835f8262-5251-9f0f-5dc4-013fa2f735de,NVIDIA GeForce RTX 2080 SUPER,3886,8192,92,82,195.48
1791277310.0870638,1,GPU-aec1288f-4556-3b77-af1b-45bf7ee3d8f5,NVIDIA GeForce RTX 2080 SUPER,2634,8192,23,51,22.94
1791277310.6349058,0,GPU-835f8262-5251-9f0f-5dc4-013fa2f735de,NVIDIA GeForce RTX 2080 SUPER,3886,8192,92,82,200.54
1791277310.6349058,1,GPU-aec1288f-4556-3b77-af1b-45bf7ee3d8f5,NVIDIA GeForce RTX 2080 SUPER,2634,8192,23,51,22.98
1791277311.1961157,0,GPU-835f8262-5251-9f0f-5dc4-013fa2f735de,NVIDIA GeForce RTX 2080 SUPER,3886,8192,92,82,201.39
1791277311.1961157,1,GPU-aec1288f-4556-3b77-af1b-45bf7ee3d8f5,NVIDIA GeForce RTX 2080 SUPER,2634,8192,30,51,21.35
1791277311.739854,0,GPU-835f8262-5251-9f0f-5dc4-013fa2f735de,NVIDIA GeForce RTX 2080 SUPER,3886,8192,92,82,199.45
1791277311.739854,1,GPU-aec1288f-4556-3b77-af1b-45bf7ee3d8f5,NVIDIA GeForce RTX 2080 SUPER,2634,8192,30,51,21.16
1791277312.2913992,0,GPU-835f8262-5251-9f0f-5dc4-013fa2f735de,NVIDIA GeForce RTX 2080 SUPER,3886,8192,92,82,201.00
1791277312.2913992,1,GPU-aec1288f-4556-3b77-af1b-45bf7ee3d8f5,NVIDIA GeForce RTX 2080 SUPER,2634,8192,21,51,21.22
1791277312.8355122,0,GPU-835f8262-5251-9f0f-5dc4-013fa2f735de,NVIDIA GeForce RTX 2080 SUPER,3886,8192,92,82,201.84
1791277312.8355122,1,GPU-aec1288f-4556-3b77-af1b-45bf7ee3d8f5,NVIDIA GeForce RTX 2080 SUPER,2634,8192,21,51,21.40
1791277313.384585,0,GPU-835f8262-5251-9f0f-5dc4-013fa2f735de,NVIDIA GeForce RTX 2080 SUPER,3886,8192,92,82,195.92
1791277313.384585,1,GPU-aec1288f-4556-3b77-af1b-45bf7ee3d8f5,NVIDIA GeForce RTX 2080 SUPER,2634,8192,21,51,21.65
1791277313.9344175,0,GPU-835f8262-5251-9f0f-5dc4-013fa2f735de,NVIDIA GeForce RTX 2080 SUPER,3886,8192,92,82,200.14
1791277313.9344175,1,GPU-aec1288f-4556-3b77-af1b-45bf7ee3d8f5,NVIDIA GeForce RTX 2080 SUPER,2634,8192,21,51,23.52
1791277314.4813485,0,GPU-835f8262-5251-9f0f-5dc4-013fa2f735de,NVIDIA GeForce RTX 2080 SUPER,3886,8192,92,82,201.26
1791277314.4813485,1,GPU-aec1288f-4556-3b77-af1b-45bf7ee3d8f5,NVIDIA GeForce RTX 2080 SUPER,2634,8192,24,51,23.14
1791277315.018426,0,GPU-835f8262-5251-9f0f-5dc4-013fa2f735de,NVIDIA GeForce RTX 2080 SUPER,3886,8192,78,79,199.54
1791277315.018426,1,GPU-aec1288f-4556-3b77-af1b-45bf7ee3d8f5,NVIDIA GeForce RTX 2080 SUPER,2634,8192,26,51,55.13
1791277315.5512898,0,GPU-835f8262-5251-9f0f-5dc4-013fa2f735de,NVIDIA GeForce RTX 2080 SUPER,3886,8192,78,82,200.80
1791277315.5512898,1,GPU-aec1288f-4556-3b77-af1b-45bf7ee3d8f5,NVIDIA GeForce RTX 2080 SUPER,2634,8192,26,53,55.31
1791277316.0831885,0,GPU-835f8262-5251-9f0f-5dc4-013fa2f735de,NVIDIA GeForce RTX 2080 SUPER,3886,8192,92,82,201.82
1791277316.0831885,1,GPU-aec1288f-4556-3b77-af1b-45bf7ee3d8f5,NVIDIA GeForce RTX 2080 SUPER,2639,8192,3,53,55.28
1791277316.616793,0,GPU-835f8262-5251-9f0f-5dc4-013fa2f735de,NVIDIA GeForce RTX 2080 SUPER,3886,8192,92,82,201.82
1791277316.616793,1,GPU-aec1288f-4556-3b77-af1b-45bf7ee3d8f5,NVIDIA GeForce RTX 2080 SUPER,2639,8192,3,53,55.39
1791277317.149694,0,GPU-835f8262-5251-9f0f-5dc4-013fa2f735de,NVIDIA GeForce RTX 2080 SUPER,3886,8192,92,82,199.87
1791277317.149694,1,GPU-aec1288f-4556-3b77-af1b-45bf7ee3d8f5,NVIDIA GeForce RTX 2080 SUPER,2634,8192,3,53,55.34
1791277317.6804183,0,GPU-835f8262-5251-9f0f-5dc4-013fa2f735de,NVIDIA GeForce RTX 2080 SUPER,3886,8192,92,82,201.10
1791277317.6804183,1,GPU-aec1288f-4556-3b77-af1b-45bf7ee3d8f5,NVIDIA GeForce RTX 2080 SUPER,2634,8192,3,53,55.51
1791277318.2123365,0,GPU-835f8262-5251-9f0f-5dc4-013fa2f735de,NVIDIA GeForce RTX 2080 SUPER,3886,8192,92,82,195.96
1791277318.2123365,1,GPU-aec1288f-4556-3b77-af1b-45bf7ee3d8f5,NVIDIA GeForce RTX 2080 SUPER,2634,8192,3,53,55.90
1791277318.7450275,0,GPU-835f8262-5251-9f0f-5dc4-013fa2f735de,NVIDIA GeForce RTX 2080 SUPER,3886,8192,92,82,194.42
1791277318.7450275,1,GPU-aec1288f-4556-3b77-af1b-45bf7ee3d8f5,NVIDIA GeForce RTX 2080 SUPER,2634,8192,3,53,55.66
1791277319.2764785,0,GPU-835f8262-5251-9f0f-5dc4-013fa2f735de,NVIDIA GeForce RTX 2080 SUPER,3886,8192,91,82,201.01
1791277319.2764785,1,GPU-aec1288f-4556-3b77-af1b-45bf7ee3d8f5,NVIDIA GeForce RTX 2080 SUPER,2634,8192,4,53,55.79
1791277319.8083785,0,GPU-835f8262-5251-9f0f-5dc4-013fa2f735de,NVIDIA GeForce RTX 2080 SUPER,3886,8192,92,82,200.12
1791277319.8083785,1,GPU-aec1288f-4556-3b77-af1b-45bf7ee3d8f5,NVIDIA GeForce RTX 2080 SUPER,2639,8192,4,53,55.63
1791277320.3392231,0,GPU-835f8262-5251-9f0f-5dc4-013fa2f735de,NVIDIA GeForce RTX 2080 SUPER,3886,8192,92,82,201.58
1791277320.3392231,1,GPU-aec1288f-4556-3b77-af1b-45bf7ee3d8f5,NVIDIA GeForce RTX 2080 SUPER,2639,8192,3,53,55.34
1791277320.8734488,0,GPU-835f8262-5251-9f0f-5dc4-013fa2f735de,NVIDIA GeForce RTX 2080 SUPER,3886,8192,92,82,200.47
1791277320.8734488,1,GPU-aec1288f-4556-3b77-af1b-45bf7ee3d8f5,NVIDIA GeForce RTX 2080 SUPER,2639,8192,3,53,55.24
1791277321.4037414,0,GPU-835f8262-5251-9f0f-5dc4-013fa2f735de,NVIDIA GeForce RTX 2080 SUPER,3886,8192,92,82,197.29
1791277321.4037414,1,GPU-aec1288f-4556-3b77-af1b-45bf7ee3d8f5,NVIDIA GeForce RTX 2080 SUPER,2635,8192,2,53,55.52
1791277321.9370914,0,GPU-835f8262-5251-9f0f-5dc4-013fa2f735de,NVIDIA GeForce RTX 2080 SUPER,3886,8192,92,82,200.92
1791277321.9370914,1,GPU-aec1288f-4556-3b77-af1b-45bf7ee3d8f5,NVIDIA GeForce RTX 2080 SUPER,2635,8192,2,53,56.10
1791277322.4699824,0,GPU-835f8262-5251-9f0f-5dc4-013fa2f735de,NVIDIA GeForce RTX 2080 SUPER,3886,8192,92,82,201.04
1791277322.4699824,1,GPU-aec1288f-4556-3b77-af1b-45bf7ee3d8f5,NVIDIA GeForce RTX 2080 SUPER,2617,8192,3,53,56.01
1791277323.0020704,0,GPU-835f8262-5251-9f0f-5dc4-013fa2f735de,NVIDIA GeForce RTX 2080 SUPER,3886,8192,92,82,201.35
1791277323.0020704,1,GPU-aec1288f-4556-3b77-af1b-45bf7ee3d8f5,NVIDIA GeForce RTX 2080 SUPER,2617,8192,3,54,55.82
1791277323.5344803,0,GPU-835f8262-5251-9f0f-5dc4-013fa2f735de,NVIDIA GeForce RTX 2080 SUPER,3886,8192,92,82,201.60
1791277323.5344803,1,GPU-aec1288f-4556-3b77-af1b-45bf7ee3d8f5,NVIDIA GeForce RTX 2080 SUPER,2617,8192,4,53,55.49
1791277324.0662904,0,GPU-835f8262-5251-9f0f-5dc4-013fa2f735de,NVIDIA GeForce RTX 2080 SUPER,3886,8192,92,82,195.64
1791277324.0662904,1,GPU-aec1288f-4556-3b77-af1b-45bf7ee3d8f5,NVIDIA GeForce RTX 2080 SUPER,2617,8192,3,54,55.87
1791277324.598608,0,GPU-835f8262-5251-9f0f-5dc4-013fa2f735de,NVIDIA GeForce RTX 2080 SUPER,3886,8192,92,82,201.04
1791277324.598608,1,GPU-aec1288f-4556-3b77-af1b-45bf7ee3d8f5,NVIDIA GeForce RTX 2080 SUPER,2617,8192,3,54,55.81
1791277325.1304011,0,GPU-835f8262-5251-9f0f-5dc4-013fa2f735de,NVIDIA GeForce RTX 2080 SUPER,3886,8192,92,82,199.79
1791277325.1304011,1,GPU-aec1288f-4556-3b77-af1b-45bf7ee3d8f5,NVIDIA GeForce RTX 2080 SUPER,2617,8192,3,54,55.94
1791277325.6655762,0,GPU-835f8262-5251-9f0f-5dc4-013fa2f735de,NVIDIA GeForce RTX 2080 SUPER,3886,8192,92,82,201.81
1791277325.6655762,1,GPU-aec1288f-4556-3b77-af1b-45bf7ee3d8f5,NVIDIA GeForce RTX 2080 SUPER,2617,8192,3,54,55.78
1791277326.199937,0,GPU-835f8262-5251-9f0f-5dc4-013fa2f735de,NVIDIA GeForce RTX 2080 SUPER,3886,8192,92,82,200.35
1791277326.199937,1,GPU-aec1288f-4556-3b77-af1b-45bf7ee3d8f5,NVIDIA GeForce RTX 2080 SUPER,2617,8192,3,54,56.09
1791277326.734119,0,GPU-835f8262-5251-9f0f-5dc4-013fa2f735de,NVIDIA GeForce RTX 2080 SUPER,3886,8192,92,82,196.34
1791277326.734119,1,GPU-aec1288f-4556-3b77-af1b-45bf7ee3d8f5,NVIDIA GeForce RTX 2080 SUPER,2617,8192,3,54,56.04
1791277327.267399,0,GPU-835f8262-5251-9f0f-5dc4-013fa2f735de,NVIDIA GeForce RTX 2080 SUPER,3886,8192,92,82,201.73
1791277327.267399,1,GPU-aec1288f-4556-3b77-af1b-45bf7ee3d8f5,NVIDIA GeForce RTX 2080 SUPER,2617,8192,4,54,55.77
1791277327.7990088,0,GPU-835f8262-5251-9f0f-5dc4-013fa2f735de,NVIDIA GeForce RTX 2080 SUPER,3886,8192,92,82,201.80
1791277327.7990088,1,GPU-aec1288f-4556-3b77-af1b-45bf7ee3d8f5,NVIDIA GeForce RTX 2080 SUPER,2617,8192,4,54,55.65
1791277328.3317604,0,GPU-835f8262-5251-9f0f-5dc4-013fa2f735de,NVIDIA GeForce RTX 2080 SUPER,3886,8192,92,82,200.89
1791277328.3317604,1,GPU-aec1288f-4556-3b77-af1b-45bf7ee3d8f5,NVIDIA GeForce RTX 2080 SUPER,2617,8192,2,54,56.11
1791277328.862582,0,GPU-835f8262-5251-9f0f-5dc4-013fa2f735de,NVIDIA GeForce RTX 2080 SUPER,3886,8192,92,82,200.64
1791277328.862582,1,GPU-aec1288f-4556-3b77-af1b-45bf7ee3d8f5,NVIDIA GeForce RTX 2080 SUPER,2617,8192,2,54,55.85
1791277329.3925662,0,GPU-835f8262-5251-9f0f-5dc4-013fa2f735de,NVIDIA GeForce RTX 2080 SUPER,3886,8192,92,82,200.00
1791277329.3925662,1,GPU-aec1288f-4556-3b77-af1b-45bf7ee3d8f5,NVIDIA GeForce RTX 2080 SUPER,2617,8192,3,54,55.89
1791277329.9262526,0,GPU-835f8262-5251-9f0f-5dc4-013fa2f735de,NVIDIA GeForce RTX 2080 SUPER,3886,8192,92,82,201.89
1791277329.9262526,1,GPU-aec1288f-4556-3b77-af1b-45bf7ee3d8f5,NVIDIA GeForce RTX 2080 SUPER,2617,8192,3,54,56.35
1791277330.4606278,0,GPU-835f8262-5251-9f0f-5dc4-013fa2f735de,NVIDIA GeForce RTX 2080 SUPER,3886,8192,92,83,201.06
1791277330.4606278,1,GPU-aec1288f-4556-3b77-af1b-45bf7ee3d8f5,NVIDIA GeForce RTX 2080 SUPER,2617,8192,3,54,56.02
1791277330.9925814,0,GPU-835f8262-5251-9f0f-5dc4-013fa2f735de,NVIDIA GeForce RTX 2080 SUPER,3886,8192,92,83,200.63
1791277330.9925814,1,GPU-aec1288f-4556-3b77-af1b-45bf7ee3d8f5,NVIDIA GeForce RTX 2080 SUPER,2617,8192,3,54,55.38
1791277331.5236964,0,GPU-835f8262-5251-9f0f-5dc4-013fa2f735de,NVIDIA GeForce RTX 2080 SUPER,3886,8192,92,83,201.62
1791277331.5236964,1,GPU-aec1288f-4556-3b77-af1b-45bf7ee3d8f5,NVIDIA GeForce RTX 2080 SUPER,2617,8192,4,54,55.57
1791277332.0635664,0,GPU-835f8262-5251-9f0f-5dc4-013fa2f735de,NVIDIA GeForce RTX 2080 SUPER,3886,8192,92,82,200.23
1791277332.0635664,1,GPU-aec1288f-4556-3b77-af1b-45bf7ee3d8f5,NVIDIA GeForce RTX 2080 SUPER,2617,8192,4,54,26.80
1791277332.6058624,0,GPU-835f8262-5251-9f0f-5dc4-013fa2f735de,NVIDIA GeForce RTX 2080 SUPER,3886,8192,92,83,196.64
1791277332.6058624,1,GPU-aec1288f-4556-3b77-af1b-45bf7ee3d8f5,NVIDIA GeForce RTX 2080 SUPER,2617,8192,5,53,20.61
1791277333.1542938,0,GPU-835f8262-5251-9f0f-5dc4-013fa2f735de,NVIDIA GeForce RTX 2080 SUPER,3886,8192,92,83,202.06
1791277333.1542938,1,GPU-aec1288f-4556-3b77-af1b-45bf7ee3d8f5,NVIDIA GeForce RTX 2080 SUPER,2617,8192,14,53,21.59
1791277333.6994646,0,GPU-835f8262-5251-9f0f-5dc4-013fa2f735de,NVIDIA GeForce RTX 2080 SUPER,3886,8192,92,83,200.75
1791277333.6994646,1,GPU-aec1288f-4556-3b77-af1b-45bf7ee3d8f5,NVIDIA GeForce RTX 2080 SUPER,2617,8192,14,53,20.86
1791277334.2497554,0,GPU-835f8262-5251-9f0f-5dc4-013fa2f735de,NVIDIA GeForce RTX 2080 SUPER,3886,8192,92,83,200.63
1791277334.2497554,1,GPU-aec1288f-4556-3b77-af1b-45bf7ee3d8f5,NVIDIA GeForce RTX 2080 SUPER,2617,8192,24,53,23.71
1791277334.8006582,0,GPU-835f8262-5251-9f0f-5dc4-013fa2f735de,NVIDIA GeForce RTX 2080 SUPER,3886,8192,92,83,202.28
1791277334.8006582,1,GPU-aec1288f-4556-3b77-af1b-45bf7ee3d8f5,NVIDIA GeForce RTX 2080 SUPER,2617,8192,24,53,22.89
1791277335.3503153,0,GPU-835f8262-5251-9f0f-5dc4-013fa2f735de,NVIDIA GeForce RTX 2080 SUPER,3886,8192,92,83,200.83
1791277335.3503153,1,GPU-aec1288f-4556-3b77-af1b-45bf7ee3d8f5,NVIDIA GeForce RTX 2080 SUPER,2617,8192,28,53,21.89
1791277335.89006,0,GPU-835f8262-5251-9f0f-5dc4-013fa2f735de,NVIDIA GeForce RTX 2080 SUPER,3886,8192,92,83,200.53
1791277335.89006,1,GPU-aec1288f-4556-3b77-af1b-45bf7ee3d8f5,NVIDIA GeForce RTX 2080 SUPER,2617,8192,28,53,21.55
1791277336.4355187,0,GPU-835f8262-5251-9f0f-5dc4-013fa2f735de,NVIDIA GeForce RTX 2080 SUPER,3886,8192,92,83,202.50
1791277336.4355187,1,GPU-aec1288f-4556-3b77-af1b-45bf7ee3d8f5,NVIDIA GeForce RTX 2080 SUPER,2617,8192,19,53,19.99
1791277336.9843647,0,GPU-835f8262-5251-9f0f-5dc4-013fa2f735de,NVIDIA GeForce RTX 2080 SUPER,3886,8192,92,83,200.18
1791277336.9843647,1,GPU-aec1288f-4556-3b77-af1b-45bf7ee3d8f5,NVIDIA GeForce RTX 2080 SUPER,2617,8192,19,53,20.42
1791277337.5316734,0,GPU-835f8262-5251-9f0f-5dc4-013fa2f735de,NVIDIA GeForce RTX 2080 SUPER,3886,8192,92,82,201.15
1791277337.5316734,1,GPU-aec1288f-4556-3b77-af1b-45bf7ee3d8f5,NVIDIA GeForce RTX 2080 SUPER,2617,8192,19,53,19.51
1791277338.079313,0,GPU-835f8262-5251-9f0f-5dc4-013fa2f735de,NVIDIA GeForce RTX 2080 SUPER,3886,8192,92,83,202.03
1791277338.079313,1,GPU-aec1288f-4556-3b77-af1b-45bf7ee3d8f5,NVIDIA GeForce RTX 2080 SUPER,2617,8192,19,53,22.11
1791277338.6313565,0,GPU-835f8262-5251-9f0f-5dc4-013fa2f735de,NVIDIA GeForce RTX 2080 SUPER,3886,8192,92,83,202.13
1791277338.6313565,1,GPU-aec1288f-4556-3b77-af1b-45bf7ee3d8f5,NVIDIA GeForce RTX 2080 SUPER,2617,8192,25,53,24.13
1791277339.1822393,0,GPU-835f8262-5251-9f0f-5dc4-013fa2f735de,NVIDIA GeForce RTX 2080 SUPER,3886,8192,92,83,203.07
1791277339.1822393,1,GPU-aec1288f-4556-3b77-af1b-45bf7ee3d8f5,NVIDIA GeForce RTX 2080 SUPER,2617,8192,27,53,21.14
1791277339.7285752,0,GPU-835f8262-5251-9f0f-5dc4-013fa2f735de,NVIDIA GeForce RTX 2080 SUPER,3886,8192,92,83,200.47
1791277339.7285752,1,GPU-aec1288f-4556-3b77-af1b-45bf7ee3d8f5,NVIDIA GeForce RTX 2080 SUPER,2617,8192,27,53,21.77
1791277340.2787476,0,GPU-835f8262-5251-9f0f-5dc4-013fa2f735de,NVIDIA GeForce RTX 2080 SUPER,3886,8192,92,83,201.60
1791277340.2787476,1,GPU-aec1288f-4556-3b77-af1b-45bf7ee3d8f5,NVIDIA GeForce RTX 2080 SUPER,2617,8192,20,53,21.64
1791277340.8243406,0,GPU-835f8262-5251-9f0f-5dc4-013fa2f735de,NVIDIA GeForce RTX 2080 SUPER,3886,8192,92,83,202.08
1791277340.8243406,1,GPU-aec1288f-4556-3b77-af1b-45bf7ee3d8f5,NVIDIA GeForce RTX 2080 SUPER,2617,8192,20,53,21.57
1791277341.3657095,0,GPU-835f8262-5251-9f0f-5dc4-013fa2f735de,NVIDIA GeForce RTX 2080 SUPER,3886,8192,92,83,201.71
1791277341.3657095,1,GPU-aec1288f-4556-3b77-af1b-45bf7ee3d8f5,NVIDIA GeForce RTX 2080 SUPER,2617,8192,19,52,22.64
1791277341.9171815,0,GPU-835f8262-5251-9f0f-5dc4-013fa2f735de,NVIDIA GeForce RTX 2080 SUPER,3886,8192,92,83,194.79
1791277341.9171815,1,GPU-aec1288f-4556-3b77-af1b-45bf7ee3d8f5,NVIDIA GeForce RTX 2080 SUPER,2617,8192,19,52,23.47
1791277342.4737182,0,GPU-835f8262-5251-9f0f-5dc4-013fa2f735de,NVIDIA GeForce RTX 2080 SUPER,3886,8192,92,83,196.15
1791277342.4737182,1,GPU-aec1288f-4556-3b77-af1b-45bf7ee3d8f5,NVIDIA GeForce RTX 2080 SUPER,2617,8192,26,52,23.45
1791277343.0228171,0,GPU-835f8262-5251-9f0f-5dc4-013fa2f735de,NVIDIA GeForce RTX 2080 SUPER,3886,8192,92,83,201.80
1791277343.0228171,1,GPU-aec1288f-4556-3b77-af1b-45bf7ee3d8f5,NVIDIA GeForce RTX 2080 SUPER,2617,8192,26,53,19.41
1791277343.5684075,0,GPU-835f8262-5251-9f0f-5dc4-013fa2f735de,NVIDIA GeForce RTX 2080 SUPER,3886,8192,92,83,201.55
1791277343.5684075,1,GPU-aec1288f-4556-3b77-af1b-45bf7ee3d8f5,NVIDIA GeForce RTX 2080 SUPER,2617,8192,27,52,20.08
1791277344.1145048,0,GPU-835f8262-5251-9f0f-5dc4-013fa2f735de,NVIDIA GeForce RTX 2080 SUPER,3886,8192,92,83,196.15
1791277344.1145048,1,GPU-aec1288f-4556-3b77-af1b-45bf7ee3d8f5,NVIDIA GeForce RTX 2080 SUPER,2623,8192,27,52,22.63
1791277344.6652513,0,GPU-835f8262-5251-9f0f-5dc4-013fa2f735de,NVIDIA GeForce RTX 2080 SUPER,3886,8192,92,83,200.09
1791277344.6652513,1,GPU-aec1288f-4556-3b77-af1b-45bf7ee3d8f5,NVIDIA GeForce RTX 2080 SUPER,2623,8192,20,52,22.28
1791277345.2153738,0,GPU-835f8262-5251-9f0f-5dc4-013fa2f735de,NVIDIA GeForce RTX 2080 SUPER,3886,8192,90,83,194.01
1791277345.2153738,1,GPU-aec1288f-4556-3b77-af1b-45bf7ee3d8f5,NVIDIA GeForce RTX 2080 SUPER,2620,8192,20,52,22.18
1791277345.7595181,0,GPU-835f8262-5251-9f0f-5dc4-013fa2f735de,NVIDIA GeForce RTX 2080 SUPER,3886,8192,90,83,196.72
1791277345.7595181,1,GPU-aec1288f-4556-3b77-af1b-45bf7ee3d8f5,NVIDIA GeForce RTX 2080 SUPER,2620,8192,32,52,19.74
1791277346.3077803,0,GPU-835f8262-5251-9f0f-5dc4-013fa2f735de,NVIDIA GeForce RTX 2080 SUPER,3886,8192,91,83,200.71
1791277346.3077803,1,GPU-aec1288f-4556-3b77-af1b-45bf7ee3d8f5,NVIDIA GeForce RTX 2080 SUPER,2619,8192,22,52,19.68
1791277346.8567908,0,GPU-835f8262-5251-9f0f-5dc4-013fa2f735de,NVIDIA GeForce RTX 2080 SUPER,3886,8192,91,83,200.54
1791277346.8567908,1,GPU-aec1288f-4556-3b77-af1b-45bf7ee3d8f5,NVIDIA GeForce RTX 2080 SUPER,2619,8192,22,52,19.78
1791277347.4142144,0,GPU-835f8262-5251-9f0f-5dc4-013fa2f735de,NVIDIA GeForce RTX 2080 SUPER,3886,8192,92,83,200.21
1791277347.4142144,1,GPU-aec1288f-4556-3b77-af1b-45bf7ee3d8f5,NVIDIA GeForce RTX 2080 SUPER,2618,8192,19,52,20.28
1791277347.9462593,0,GPU-835f8262-5251-9f0f-5dc4-013fa2f735de,NVIDIA GeForce RTX 2080 SUPER,4024,8192,91,83,188.11
1791277347.9462593,1,GPU-aec1288f-4556-3b77-af1b-45bf7ee3d8f5,NVIDIA GeForce RTX 2080 SUPER,2756,8192,19,54,55.82
1791277348.4794898,0,GPU-835f8262-5251-9f0f-5dc4-013fa2f735de,NVIDIA GeForce RTX 2080 SUPER,4024,8192,91,83,195.43
1791277348.4794898,1,GPU-aec1288f-4556-3b77-af1b-45bf7ee3d8f5,NVIDIA GeForce RTX 2080 SUPER,2756,8192,8,54,55.71
1791277349.0127904,0,GPU-835f8262-5251-9f0f-5dc4-013fa2f735de,NVIDIA GeForce RTX 2080 SUPER,4024,8192,91,83,200.82
1791277349.0127904,1,GPU-aec1288f-4556-3b77-af1b-45bf7ee3d8f5,NVIDIA GeForce RTX 2080 SUPER,2757,8192,8,54,56.14
1791277349.5586178,0,GPU-835f8262-5251-9f0f-5dc4-013fa2f735de,NVIDIA GeForce RTX 2080 SUPER,4024,8192,91,83,200.75
1791277349.5586178,1,GPU-aec1288f-4556-3b77-af1b-45bf7ee3d8f5,NVIDIA GeForce RTX 2080 SUPER,2757,8192,4,54,56.24
1791277350.090356,0,GPU-835f8262-5251-9f0f-5dc4-013fa2f735de,NVIDIA GeForce RTX 2080 SUPER,3886,8192,91,83,202.11
1791277350.090356,1,GPU-aec1288f-4556-3b77-af1b-45bf7ee3d8f5,NVIDIA GeForce RTX 2080 SUPER,2619,8192,4,54,55.68
1791277350.6232224,0,GPU-835f8262-5251-9f0f-5dc4-013fa2f735de,NVIDIA GeForce RTX 2080 SUPER,3886,8192,91,83,200.61
1791277350.6232224,1,GPU-aec1288f-4556-3b77-af1b-45bf7ee3d8f5,NVIDIA GeForce RTX 2080 SUPER,2619,8192,3,54,55.61
1791277351.1660368,0,GPU-835f8262-5251-9f0f-5dc4-013fa2f735de,NVIDIA GeForce RTX 2080 SUPER,3886,8192,92,83,194.60
1791277351.1660368,1,GPU-aec1288f-4556-3b77-af1b-45bf7ee3d8f5,NVIDIA GeForce RTX 2080 SUPER,2619,8192,3,53,27.66
1791277351.7079265,0,GPU-835f8262-5251-9f0f-5dc4-013fa2f735de,NVIDIA GeForce RTX 2080 SUPER,3886,8192,92,83,200.89
1791277351.7079265,1,GPU-aec1288f-4556-3b77-af1b-45bf7ee3d8f5,NVIDIA GeForce RTX 2080 SUPER,2624,8192,8,53,24.41
1791277352.254018,0,GPU-835f8262-5251-9f0f-5dc4-013fa2f735de,NVIDIA GeForce RTX 2080 SUPER,3886,8192,91,83,200.95
1791277352.254018,1,GPU-aec1288f-4556-3b77-af1b-45bf7ee3d8f5,NVIDIA GeForce RTX 2080 SUPER,2626,8192,8,53,22.91
1791277352.801593,0,GPU-835f8262-5251-9f0f-5dc4-013fa2f735de,NVIDIA GeForce RTX 2080 SUPER,3886,8192,91,83,196.47
1791277352.801593,1,GPU-aec1288f-4556-3b77-af1b-45bf7ee3d8f5,NVIDIA GeForce RTX 2080 SUPER,2632,8192,16,53,21.20
1791277353.3513446,0,GPU-835f8262-5251-9f0f-5dc4-013fa2f735de,NVIDIA GeForce RTX 2080 SUPER,3886,8192,91,83,200.81
1791277353.3513446,1,GPU-aec1288f-4556-3b77-af1b-45bf7ee3d8f5,NVIDIA GeForce RTX 2080 SUPER,2632,8192,22,53,19.65
1791277353.9070666,0,GPU-835f8262-5251-9f0f-5dc4-013fa2f735de,NVIDIA GeForce RTX 2080 SUPER,3886,8192,91,83,201.42
1791277353.9070666,1,GPU-aec1288f-4556-3b77-af1b-45bf7ee3d8f5,NVIDIA GeForce RTX 2080 SUPER,2632,8192,22,53,22.31
1791277354.4533732,0,GPU-835f8262-5251-9f0f-5dc4-013fa2f735de,NVIDIA GeForce RTX 2080 SUPER,3886,8192,91,83,196.88
1791277354.4533732,1,GPU-aec1288f-4556-3b77-af1b-45bf7ee3d8f5,NVIDIA GeForce RTX 2080 SUPER,2625,8192,32,53,20.32
1791277355.0000417,0,GPU-835f8262-5251-9f0f-5dc4-013fa2f735de,NVIDIA GeForce RTX 2080 SUPER,3886,8192,92,83,202.37
1791277355.0000417,1,GPU-aec1288f-4556-3b77-af1b-45bf7ee3d8f5,NVIDIA GeForce RTX 2080 SUPER,2624,8192,32,53,19.37
1791277355.5468094,0,GPU-835f8262-5251-9f0f-5dc4-013fa2f735de,NVIDIA GeForce RTX 2080 SUPER,3886,8192,92,83,201.86
1791277355.5468094,1,GPU-aec1288f-4556-3b77-af1b-45bf7ee3d8f5,NVIDIA GeForce RTX 2080 SUPER,2623,8192,18,53,19.56
1791277356.0996754,0,GPU-835f8262-5251-9f0f-5dc4-013fa2f735de,NVIDIA GeForce RTX 2080 SUPER,3886,8192,92,83,200.45
1791277356.0996754,1,GPU-aec1288f-4556-3b77-af1b-45bf7ee3d8f5,NVIDIA GeForce RTX 2080 SUPER,2623,8192,18,52,19.45
1791277356.6509917,0,GPU-835f8262-5251-9f0f-5dc4-013fa2f735de,NVIDIA GeForce RTX 2080 SUPER,3886,8192,92,83,202.02
1791277356.6509917,1,GPU-aec1288f-4556-3b77-af1b-45bf7ee3d8f5,NVIDIA GeForce RTX 2080 SUPER,2622,8192,18,52,19.54
1791277357.1909053,0,GPU-835f8262-5251-9f0f-5dc4-013fa2f735de,NVIDIA GeForce RTX 2080 SUPER,3886,8192,92,78,89.76
1791277357.1909053,1,GPU-aec1288f-4556-3b77-af1b-45bf7ee3d8f5,NVIDIA GeForce RTX 2080 SUPER,2622,8192,18,55,88.09
1791277357.723583,0,GPU-835f8262-5251-9f0f-5dc4-013fa2f735de,NVIDIA GeForce RTX 2080 SUPER,3886,8192,92,83,202.53
1791277357.723583,1,GPU-aec1288f-4556-3b77-af1b-45bf7ee3d8f5,NVIDIA GeForce RTX 2080 SUPER,2622,8192,20,54,55.98
1791277358.2537289,0,GPU-835f8262-5251-9f0f-5dc4-013fa2f735de,NVIDIA GeForce RTX 2080 SUPER,3886,8192,77,83,199.57
1791277358.2537289,1,GPU-aec1288f-4556-3b77-af1b-45bf7ee3d8f5,NVIDIA GeForce RTX 2080 SUPER,2618,8192,20,54,56.15
1791277358.7882347,0,GPU-835f8262-5251-9f0f-5dc4-013fa2f735de,NVIDIA GeForce RTX 2080 SUPER,3886,8192,77,83,200.97
1791277358.7882347,1,GPU-aec1288f-4556-3b77-af1b-45bf7ee3d8f5,NVIDIA GeForce RTX 2080 SUPER,2618,8192,4,54,55.94
1791277359.3250427,0,GPU-835f8262-5251-9f0f-5dc4-013fa2f735de,NVIDIA GeForce RTX 2080 SUPER,3886,8192,91,83,201.37
1791277359.3250427,1,GPU-aec1288f-4556-3b77-af1b-45bf7ee3d8f5,NVIDIA GeForce RTX 2080 SUPER,2618,8192,2,54,55.99
1791277359.8593397,0,GPU-835f8262-5251-9f0f-5dc4-013fa2f735de,NVIDIA GeForce RTX 2080 SUPER,3886,8192,91,83,203.11
1791277359.8593397,1,GPU-aec1288f-4556-3b77-af1b-45bf7ee3d8f5,NVIDIA GeForce RTX 2080 SUPER,2618,8192,2,54,55.83
1791277360.3921106,0,GPU-835f8262-5251-9f0f-5dc4-013fa2f735de,NVIDIA GeForce RTX 2080 SUPER,3886,8192,92,83,202.05
1791277360.3921106,1,GPU-aec1288f-4556-3b77-af1b-45bf7ee3d8f5,NVIDIA GeForce RTX 2080 SUPER,2618,8192,2,54,55.84
1791277360.9244115,0,GPU-835f8262-5251-9f0f-5dc4-013fa2f735de,NVIDIA GeForce RTX 2080 SUPER,3886,8192,92,83,202.20
1791277360.9244115,1,GPU-aec1288f-4556-3b77-af1b-45bf7ee3d8f5,NVIDIA GeForce RTX 2080 SUPER,2618,8192,2,54,55.78
1791277361.4571998,0,GPU-835f8262-5251-9f0f-5dc4-013fa2f735de,NVIDIA GeForce RTX 2080 SUPER,3886,8192,92,83,202.34
1791277361.4571998,1,GPU-aec1288f-4556-3b77-af1b-45bf7ee3d8f5,NVIDIA GeForce RTX 2080 SUPER,2614,8192,3,54,56.11
1791277361.9887075,0,GPU-835f8262-5251-9f0f-5dc4-013fa2f735de,NVIDIA GeForce RTX 2080 SUPER,3886,8192,92,83,202.04
1791277361.9887075,1,GPU-aec1288f-4556-3b77-af1b-45bf7ee3d8f5,NVIDIA GeForce RTX 2080 SUPER,2614,8192,3,54,56.13
1791277362.520847,0,GPU-835f8262-5251-9f0f-5dc4-013fa2f735de,NVIDIA GeForce RTX 2080 SUPER,3886,8192,92,83,196.82
1791277362.520847,1,GPU-aec1288f-4556-3b77-af1b-45bf7ee3d8f5,NVIDIA GeForce RTX 2080 SUPER,2614,8192,4,55,55.90
1791277363.0522053,0,GPU-835f8262-5251-9f0f-5dc4-013fa2f735de,NVIDIA GeForce RTX 2080 SUPER,3886,8192,92,83,202.74
1791277363.0522053,1,GPU-aec1288f-4556-3b77-af1b-45bf7ee3d8f5,NVIDIA GeForce RTX 2080 SUPER,2614,8192,4,55,55.80
1791277363.5842454,0,GPU-835f8262-5251-9f0f-5dc4-013fa2f735de,NVIDIA GeForce RTX 2080 SUPER,3886,8192,92,83,201.18
1791277363.5842454,1,GPU-aec1288f-4556-3b77-af1b-45bf7ee3d8f5,NVIDIA GeForce RTX 2080 SUPER,2614,8192,2,55,55.86
1791277364.116722,0,GPU-835f8262-5251-9f0f-5dc4-013fa2f735de,NVIDIA GeForce RTX 2080 SUPER,3886,8192,92,83,202.80
1791277364.116722,1,GPU-aec1288f-4556-3b77-af1b-45bf7ee3d8f5,NVIDIA GeForce RTX 2080 SUPER,2614,8192,2,55,55.90
1791277364.6490426,0,GPU-835f8262-5251-9f0f-5dc4-013fa2f735de,NVIDIA GeForce RTX 2080 SUPER,3886,8192,92,83,202.08
1791277364.6490426,1,GPU-aec1288f-4556-3b77-af1b-45bf7ee3d8f5,NVIDIA GeForce RTX 2080 SUPER,2614,8192,2,55,56.05
1791277365.1807704,0,GPU-835f8262-5251-9f0f-5dc4-013fa2f735de,NVIDIA GeForce RTX 2080 SUPER,3886,8192,93,83,197.58
1791277365.1807704,1,GPU-aec1288f-4556-3b77-af1b-45bf7ee3d8f5,NVIDIA GeForce RTX 2080 SUPER,2613,8192,2,55,56.10
1791277365.712591,0,GPU-835f8262-5251-9f0f-5dc4-013fa2f735de,NVIDIA GeForce RTX 2080 SUPER,3886,8192,93,83,202.80
1791277365.712591,1,GPU-aec1288f-4556-3b77-af1b-45bf7ee3d8f5,NVIDIA GeForce RTX 2080 SUPER,2614,8192,3,55,56.28
1791277366.2439194,0,GPU-835f8262-5251-9f0f-5dc4-013fa2f735de,NVIDIA GeForce RTX 2080 SUPER,3886,8192,92,83,202.50
1791277366.2439194,1,GPU-aec1288f-4556-3b77-af1b-45bf7ee3d8f5,NVIDIA GeForce RTX 2080 SUPER,2614,8192,3,55,55.99
1791277366.7750854,0,GPU-835f8262-5251-9f0f-5dc4-013fa2f735de,NVIDIA GeForce RTX 2080 SUPER,3886,8192,92,83,200.71
1791277366.7750854,1,GPU-aec1288f-4556-3b77-af1b-45bf7ee3d8f5,NVIDIA GeForce RTX 2080 SUPER,2614,8192,4,55,56.12
1791277367.3076665,0,GPU-835f8262-5251-9f0f-5dc4-013fa2f735de,NVIDIA GeForce RTX 2080 SUPER,3886,8192,92,83,202.01
1791277367.3076665,1,GPU-aec1288f-4556-3b77-af1b-45bf7ee3d8f5,NVIDIA GeForce RTX 2080 SUPER,2614,8192,4,55,55.94
1791277367.8397727,0,GPU-835f8262-5251-9f0f-5dc4-013fa2f735de,NVIDIA GeForce RTX 2080 SUPER,3886,8192,92,83,202.16
1791277367.8397727,1,GPU-aec1288f-4556-3b77-af1b-45bf7ee3d8f5,NVIDIA GeForce RTX 2080 SUPER,2614,8192,2,55,55.91
1791277368.371665,0,GPU-835f8262-5251-9f0f-5dc4-013fa2f735de,NVIDIA GeForce RTX 2080 SUPER,3886,8192,92,83,198.06
1791277368.371665,1,GPU-aec1288f-4556-3b77-af1b-45bf7ee3d8f5,NVIDIA GeForce RTX 2080 SUPER,2614,8192,2,55,56.08
1791277368.9054494,0,GPU-835f8262-5251-9f0f-5dc4-013fa2f735de,NVIDIA GeForce RTX 2080 SUPER,3886,8192,92,83,202.62
1791277368.9054494,1,GPU-aec1288f-4556-3b77-af1b-45bf7ee3d8f5,NVIDIA GeForce RTX 2080 SUPER,2614,8192,2,55,56.05
1791277369.4391296,0,GPU-835f8262-5251-9f0f-5dc4-013fa2f735de,NVIDIA GeForce RTX 2080 SUPER,3886,8192,92,83,201.29
1791277369.4391296,1,GPU-aec1288f-4556-3b77-af1b-45bf7ee3d8f5,NVIDIA GeForce RTX 2080 SUPER,2614,8192,3,55,56.43
1791277369.9722137,0,GPU-835f8262-5251-9f0f-5dc4-013fa2f735de,NVIDIA GeForce RTX 2080 SUPER,3886,8192,92,83,202.65
1791277369.9722137,1,GPU-aec1288f-4556-3b77-af1b-45bf7ee3d8f5,NVIDIA GeForce RTX 2080 SUPER,2614,8192,3,55,56.65
1791277370.5082035,0,GPU-835f8262-5251-9f0f-5dc4-013fa2f735de,NVIDIA GeForce RTX 2080 SUPER,3886,8192,92,83,201.51
1791277370.5082035,1,GPU-aec1288f-4556-3b77-af1b-45bf7ee3d8f5,NVIDIA GeForce RTX 2080 SUPER,2614,8192,4,55,56.18
1791277371.0392785,0,GPU-835f8262-5251-9f0f-5dc4-013fa2f735de,NVIDIA GeForce RTX 2080 SUPER,3886,8192,92,83,203.05
1791277371.0392785,1,GPU-aec1288f-4556-3b77-af1b-45bf7ee3d8f5,NVIDIA GeForce RTX 2080 SUPER,2614,8192,4,55,56.37
1791277371.5726624,0,GPU-835f8262-5251-9f0f-5dc4-013fa2f735de,NVIDIA GeForce RTX 2080 SUPER,3886,8192,92,83,202.67
1791277371.5726624,1,GPU-aec1288f-4556-3b77-af1b-45bf7ee3d8f5,NVIDIA GeForce RTX 2080 SUPER,2614,8192,2,56,56.10
1791277372.1049895,0,GPU-835f8262-5251-9f0f-5dc4-013fa2f735de,NVIDIA GeForce RTX 2080 SUPER,3886,8192,92,83,201.90
1791277372.1049895,1,GPU-aec1288f-4556-3b77-af1b-45bf7ee3d8f5,NVIDIA GeForce RTX 2080 SUPER,2614,8192,2,56,56.13
1791277372.637654,0,GPU-835f8262-5251-9f0f-5dc4-013fa2f735de,NVIDIA GeForce RTX 2080 SUPER,3886,8192,92,83,202.92
1791277372.637654,1,GPU-aec1288f-4556-3b77-af1b-45bf7ee3d8f5,NVIDIA GeForce RTX 2080 SUPER,2614,8192,2,56,56.18
1791277373.1719956,0,GPU-835f8262-5251-9f0f-5dc4-013fa2f735de,NVIDIA GeForce RTX 2080 SUPER,3886,8192,92,83,201.91
1791277373.1719956,1,GPU-aec1288f-4556-3b77-af1b-45bf7ee3d8f5,NVIDIA GeForce RTX 2080 SUPER,2614,8192,2,56,56.15
1791277373.7042737,0,GPU-835f8262-5251-9f0f-5dc4-013fa2f735de,NVIDIA GeForce RTX 2080 SUPER,3886,8192,92,83,196.13
1791277373.7042737,1,GPU-aec1288f-4556-3b77-af1b-45bf7ee3d8f5,NVIDIA GeForce RTX 2080 SUPER,2614,8192,3,56,56.57
1791277374.2461524,0,GPU-835f8262-5251-9f0f-5dc4-013fa2f735de,NVIDIA GeForce RTX 2080 SUPER,3886,8192,92,83,202.21
1791277374.2461524,1,GPU-aec1288f-4556-3b77-af1b-45bf7ee3d8f5,NVIDIA GeForce RTX 2080 SUPER,2614,8192,3,55,27.37
1791277374.79071,0,GPU-835f8262-5251-9f0f-5dc4-013fa2f735de,NVIDIA GeForce RTX 2080 SUPER,3886,8192,92,83,202.83
1791277374.79071,1,GPU-aec1288f-4556-3b77-af1b-45bf7ee3d8f5,NVIDIA GeForce RTX 2080 SUPER,2614,8192,10,55,24.01
1791277375.341032,0,GPU-835f8262-5251-9f0f-5dc4-013fa2f735de,NVIDIA GeForce RTX 2080 SUPER,3886,8192,92,83,202.06
1791277375.341032,1,GPU-aec1288f-4556-3b77-af1b-45bf7ee3d8f5,NVIDIA GeForce RTX 2080 SUPER,2614,8192,10,54,19.88
1791277375.8901122,0,GPU-835f8262-5251-9f0f-5dc4-013fa2f735de,NVIDIA GeForce RTX 2080 SUPER,3886,8192,92,83,202.27
1791277375.8901122,1,GPU-aec1288f-4556-3b77-af1b-45bf7ee3d8f5,NVIDIA GeForce RTX 2080 SUPER,2614,8192,13,54,20.77
1791277376.4332628,0,GPU-835f8262-5251-9f0f-5dc4-013fa2f735de,NVIDIA GeForce RTX 2080 SUPER,3886,8192,93,83,200.75
1791277376.4332628,1,GPU-aec1288f-4556-3b77-af1b-45bf7ee3d8f5,NVIDIA GeForce RTX 2080 SUPER,2614,8192,18,54,19.61
1791277376.9836147,0,GPU-835f8262-5251-9f0f-5dc4-013fa2f735de,NVIDIA GeForce RTX 2080 SUPER,3886,8192,93,83,197.00
1791277376.9836147,1,GPU-aec1288f-4556-3b77-af1b-45bf7ee3d8f5,NVIDIA GeForce RTX 2080 SUPER,2614,8192,18,54,20.16
1791277377.5289104,0,GPU-835f8262-5251-9f0f-5dc4-013fa2f735de,NVIDIA GeForce RTX 2080 SUPER,3886,8192,92,83,202.68
1791277377.5289104,1,GPU-aec1288f-4556-3b77-af1b-45bf7ee3d8f5,NVIDIA GeForce RTX 2080 SUPER,2614,8192,20,54,23.10
1791277378.0955894,0,GPU-835f8262-5251-9f0f-5dc4-013fa2f735de,NVIDIA GeForce RTX 2080 SUPER,3886,8192,92,83,201.05
1791277378.0955894,1,GPU-aec1288f-4556-3b77-af1b-45bf7ee3d8f5,NVIDIA GeForce RTX 2080 SUPER,2614,8192,20,54,22.93
1791277378.6465724,0,GPU-835f8262-5251-9f0f-5dc4-013fa2f735de,NVIDIA GeForce RTX 2080 SUPER,3886,8192,92,83,201.09
1791277378.6465724,1,GPU-aec1288f-4556-3b77-af1b-45bf7ee3d8f5,NVIDIA GeForce RTX 2080 SUPER,2614,8192,31,54,19.91
1791277379.1960602,0,GPU-835f8262-5251-9f0f-5dc4-013fa2f735de,NVIDIA GeForce RTX 2080 SUPER,3886,8192,92,83,200.63
1791277379.1960602,1,GPU-aec1288f-4556-3b77-af1b-45bf7ee3d8f5,NVIDIA GeForce RTX 2080 SUPER,2614,8192,31,54,20.06
1791277379.7517326,0,GPU-835f8262-5251-9f0f-5dc4-013fa2f735de,NVIDIA GeForce RTX 2080 SUPER,3886,8192,92,83,202.15
1791277379.7517326,1,GPU-aec1288f-4556-3b77-af1b-45bf7ee3d8f5,NVIDIA GeForce RTX 2080 SUPER,2614,8192,18,54,19.88
1791277380.2964642,0,GPU-835f8262-5251-9f0f-5dc4-013fa2f735de,NVIDIA GeForce RTX 2080 SUPER,3886,8192,92,83,198.04
1791277380.2964642,1,GPU-aec1288f-4556-3b77-af1b-45bf7ee3d8f5,NVIDIA GeForce RTX 2080 SUPER,2614,8192,18,54,19.71
1791277380.8393934,0,GPU-835f8262-5251-9f0f-5dc4-013fa2f735de,NVIDIA GeForce RTX 2080 SUPER,3886,8192,92,83,203.03
1791277380.8393934,1,GPU-aec1288f-4556-3b77-af1b-45bf7ee3d8f5,NVIDIA GeForce RTX 2080 SUPER,2614,8192,19,54,19.90
1791277381.3912377,0,GPU-835f8262-5251-9f0f-5dc4-013fa2f735de,NVIDIA GeForce RTX 2080 SUPER,3886,8192,92,83,202.95
1791277381.3912377,1,GPU-aec1288f-4556-3b77-af1b-45bf7ee3d8f5,NVIDIA GeForce RTX 2080 SUPER,2614,8192,19,54,20.59
1791277381.9408886,0,GPU-835f8262-5251-9f0f-5dc4-013fa2f735de,NVIDIA GeForce RTX 2080 SUPER,3886,8192,92,83,193.30
1791277381.9408886,1,GPU-aec1288f-4556-3b77-af1b-45bf7ee3d8f5,NVIDIA GeForce RTX 2080 SUPER,2614,8192,21,54,22.62
1791277382.4875834,0,GPU-835f8262-5251-9f0f-5dc4-013fa2f735de,NVIDIA GeForce RTX 2080 SUPER,3886,8192,93,83,202.93
1791277382.4875834,1,GPU-aec1288f-4556-3b77-af1b-45bf7ee3d8f5,NVIDIA GeForce RTX 2080 SUPER,2614,8192,30,54,19.70
1791277383.0292926,0,GPU-835f8262-5251-9f0f-5dc4-013fa2f735de,NVIDIA GeForce RTX 2080 SUPER,3886,8192,92,83,203.04
1791277383.0292926,1,GPU-aec1288f-4556-3b77-af1b-45bf7ee3d8f5,NVIDIA GeForce RTX 2080 SUPER,2614,8192,30,54,20.86
1791277383.5893922,0,GPU-835f8262-5251-9f0f-5dc4-013fa2f735de,NVIDIA GeForce RTX 2080 SUPER,3886,8192,92,83,187.80
1791277383.5893922,1,GPU-aec1288f-4556-3b77-af1b-45bf7ee3d8f5,NVIDIA GeForce RTX 2080 SUPER,2614,8192,18,54,19.92
1791277384.135439,0,GPU-835f8262-5251-9f0f-5dc4-013fa2f735de,NVIDIA GeForce RTX 2080 SUPER,3886,8192,92,83,197.82
1791277384.135439,1,GPU-aec1288f-4556-3b77-af1b-45bf7ee3d8f5,NVIDIA GeForce RTX 2080 SUPER,2614,8192,18,54,19.90
1791277384.6823144,0,GPU-835f8262-5251-9f0f-5dc4-013fa2f735de,NVIDIA GeForce RTX 2080 SUPER,3886,8192,92,83,202.73
1791277384.6823144,1,GPU-aec1288f-4556-3b77-af1b-45bf7ee3d8f5,NVIDIA GeForce RTX 2080 SUPER,2614,8192,18,54,19.91
1791277385.2293053,0,GPU-835f8262-5251-9f0f-5dc4-013fa2f735de,NVIDIA GeForce RTX 2080 SUPER,3886,8192,92,83,202.57
1791277385.2293053,1,GPU-aec1288f-4556-3b77-af1b-45bf7ee3d8f5,NVIDIA GeForce RTX 2080 SUPER,2613,8192,18,54,20.06
1791277385.7792873,0,GPU-835f8262-5251-9f0f-5dc4-013fa2f735de,NVIDIA GeForce RTX 2080 SUPER,3886,8192,92,83,198.93
1791277385.7792873,1,GPU-aec1288f-4556-3b77-af1b-45bf7ee3d8f5,NVIDIA GeForce RTX 2080 SUPER,2614,8192,22,54,21.96
1791277386.326492,0,GPU-835f8262-5251-9f0f-5dc4-013fa2f735de,NVIDIA GeForce RTX 2080 SUPER,3886,8192,93,83,203.27
1791277386.326492,1,GPU-aec1288f-4556-3b77-af1b-45bf7ee3d8f5,NVIDIA GeForce RTX 2080 SUPER,2614,8192,22,54,19.05
1791277386.8802164,0,GPU-835f8262-5251-9f0f-5dc4-013fa2f735de,NVIDIA GeForce RTX 2080 SUPER,3886,8192,93,84,197.86
1791277386.8802164,1,GPU-aec1288f-4556-3b77-af1b-45bf7ee3d8f5,NVIDIA GeForce RTX 2080 SUPER,2614,8192,29,54,19.94
1791277387.4291067,0,GPU-835f8262-5251-9f0f-5dc4-013fa2f735de,NVIDIA GeForce RTX 2080 SUPER,3886,8192,92,83,197.80
1791277387.4291067,1,GPU-aec1288f-4556-3b77-af1b-45bf7ee3d8f5,NVIDIA GeForce RTX 2080 SUPER,2614,8192,29,54,19.86
1791277387.9798338,0,GPU-835f8262-5251-9f0f-5dc4-013fa2f735de,NVIDIA GeForce RTX 2080 SUPER,3886,8192,92,83,196.95
1791277387.9798338,1,GPU-aec1288f-4556-3b77-af1b-45bf7ee3d8f5,NVIDIA GeForce RTX 2080 SUPER,2614,8192,18,54,20.58
1791277388.5218456,0,GPU-835f8262-5251-9f0f-5dc4-013fa2f735de,NVIDIA GeForce RTX 2080 SUPER,3886,8192,92,83,201.09
1791277388.5218456,1,GPU-aec1288f-4556-3b77-af1b-45bf7ee3d8f5,NVIDIA GeForce RTX 2080 SUPER,2614,8192,19,54,19.60
1791277389.0629141,0,GPU-835f8262-5251-9f0f-5dc4-013fa2f735de,NVIDIA GeForce RTX 2080 SUPER,3886,8192,92,83,202.18
1791277389.0629141,1,GPU-aec1288f-4556-3b77-af1b-45bf7ee3d8f5,NVIDIA GeForce RTX 2080 SUPER,2614,8192,19,54,19.91
1791277389.622896,0,GPU-835f8262-5251-9f0f-5dc4-013fa2f735de,NVIDIA GeForce RTX 2080 SUPER,3886,8192,92,83,201.56
1791277389.622896,1,GPU-aec1288f-4556-3b77-af1b-45bf7ee3d8f5,NVIDIA GeForce RTX 2080 SUPER,2614,8192,22,54,22.16
1791277390.1733253,0,GPU-835f8262-5251-9f0f-5dc4-013fa2f735de,NVIDIA GeForce RTX 2080 SUPER,3886,8192,92,83,200.58
1791277390.1733253,1,GPU-aec1288f-4556-3b77-af1b-45bf7ee3d8f5,NVIDIA GeForce RTX 2080 SUPER,2614,8192,22,54,21.97
1791277390.720388,0,GPU-835f8262-5251-9f0f-5dc4-013fa2f735de,NVIDIA GeForce RTX 2080 SUPER,3886,8192,92,83,203.13
1791277390.720388,1,GPU-aec1288f-4556-3b77-af1b-45bf7ee3d8f5,NVIDIA GeForce RTX 2080 SUPER,2614,8192,28,53,19.90
1791277391.2635155,0,GPU-835f8262-5251-9f0f-5dc4-013fa2f735de,NVIDIA GeForce RTX 2080 SUPER,3886,8192,92,83,203.04
1791277391.2635155,1,GPU-aec1288f-4556-3b77-af1b-45bf7ee3d8f5,NVIDIA GeForce RTX 2080 SUPER,2614,8192,28,53,19.68
1791277391.8084288,0,GPU-835f8262-5251-9f0f-5dc4-013fa2f735de,NVIDIA GeForce RTX 2080 SUPER,3886,8192,92,83,200.23
1791277391.8084288,1,GPU-aec1288f-4556-3b77-af1b-45bf7ee3d8f5,NVIDIA GeForce RTX 2080 SUPER,2614,8192,18,53,19.84
1791277392.3567674,0,GPU-835f8262-5251-9f0f-5dc4-013fa2f735de,NVIDIA GeForce RTX 2080 SUPER,3886,8192,92,84,200.91
1791277392.3567674,1,GPU-aec1288f-4556-3b77-af1b-45bf7ee3d8f5,NVIDIA GeForce RTX 2080 SUPER,2614,8192,18,53,19.76
1791277392.897786,0,GPU-835f8262-5251-9f0f-5dc4-013fa2f735de,NVIDIA GeForce RTX 2080 SUPER,3886,8192,92,83,202.35
1791277392.897786,1,GPU-aec1288f-4556-3b77-af1b-45bf7ee3d8f5,NVIDIA GeForce RTX 2080 SUPER,2614,8192,19,53,19.79
1791277393.4525585,0,GPU-835f8262-5251-9f0f-5dc4-013fa2f735de,NVIDIA GeForce RTX 2080 SUPER,3886,8192,92,84,186.29
1791277393.4525585,1,GPU-aec1288f-4556-3b77-af1b-45bf7ee3d8f5,NVIDIA GeForce RTX 2080 SUPER,2614,8192,19,53,22.17
1791277394.0057697,0,GPU-835f8262-5251-9f0f-5dc4-013fa2f735de,NVIDIA GeForce RTX 2080 SUPER,3886,8192,92,83,203.23
1791277394.0057697,1,GPU-aec1288f-4556-3b77-af1b-45bf7ee3d8f5,NVIDIA GeForce RTX 2080 SUPER,2614,8192,22,53,23.72
1791277394.5527205,0,GPU-835f8262-5251-9f0f-5dc4-013fa2f735de,NVIDIA GeForce RTX 2080 SUPER,3886,8192,92,83,197.36
1791277394.5527205,1,GPU-aec1288f-4556-3b77-af1b-45bf7ee3d8f5,NVIDIA GeForce RTX 2080 SUPER,2614,8192,22,53,20.36
1791277395.1037557,0,GPU-835f8262-5251-9f0f-5dc4-013fa2f735de,NVIDIA GeForce RTX 2080 SUPER,3886,8192,92,83,196.61
1791277395.1037557,1,GPU-aec1288f-4556-3b77-af1b-45bf7ee3d8f5,NVIDIA GeForce RTX 2080 SUPER,2614,8192,29,53,20.20
1791277395.6517112,0,GPU-835f8262-5251-9f0f-5dc4-013fa2f735de,NVIDIA GeForce RTX 2080 SUPER,3886,8192,92,83,202.97
1791277395.6517112,1,GPU-aec1288f-4556-3b77-af1b-45bf7ee3d8f5,NVIDIA GeForce RTX 2080 SUPER,2614,8192,19,53,20.04
1791277396.1968412,0,GPU-835f8262-5251-9f0f-5dc4-013fa2f735de,NVIDIA GeForce RTX 2080 SUPER,3886,8192,92,83,198.12
1791277396.1968412,1,GPU-aec1288f-4556-3b77-af1b-45bf7ee3d8f5,NVIDIA GeForce RTX 2080 SUPER,2614,8192,19,53,20.31
1791277396.7471328,0,GPU-835f8262-5251-9f0f-5dc4-013fa2f735de,NVIDIA GeForce RTX 2080 SUPER,3886,8192,92,83,190.58
1791277396.7471328,1,GPU-aec1288f-4556-3b77-af1b-45bf7ee3d8f5,NVIDIA GeForce RTX 2080 SUPER,2614,8192,19,53,20.31
1791277397.2968051,0,GPU-835f8262-5251-9f0f-5dc4-013fa2f735de,NVIDIA GeForce RTX 2080 SUPER,3886,8192,93,84,197.66
1791277397.2968051,1,GPU-aec1288f-4556-3b77-af1b-45bf7ee3d8f5,NVIDIA GeForce RTX 2080 SUPER,2614,8192,19,53,19.89
1791277397.8400764,0,GPU-835f8262-5251-9f0f-5dc4-013fa2f735de,NVIDIA GeForce RTX 2080 SUPER,3886,8192,93,83,192.59
1791277397.8400764,1,GPU-aec1288f-4556-3b77-af1b-45bf7ee3d8f5,NVIDIA GeForce RTX 2080 SUPER,2614,8192,23,53,22.17
1791277398.386636,0,GPU-835f8262-5251-9f0f-5dc4-013fa2f735de,NVIDIA GeForce RTX 2080 SUPER,3886,8192,92,84,201.74
1791277398.386636,1,GPU-aec1288f-4556-3b77-af1b-45bf7ee3d8f5,NVIDIA GeForce RTX 2080 SUPER,2614,8192,23,53,20.73
1791277398.9300594,0,GPU-835f8262-5251-9f0f-5dc4-013fa2f735de,NVIDIA GeForce RTX 2080 SUPER,3886,8192,92,83,199.28
1791277398.9300594,1,GPU-aec1288f-4556-3b77-af1b-45bf7ee3d8f5,NVIDIA GeForce RTX 2080 SUPER,2614,8192,27,53,20.71
1791277399.4643195,0,GPU-835f8262-5251-9f0f-5dc4-013fa2f735de,NVIDIA GeForce RTX 2080 SUPER,3886,8192,92,83,79.19
1791277399.4643195,1,GPU-aec1288f-4556-3b77-af1b-45bf7ee3d8f5,NVIDIA GeForce RTX 2080 SUPER,2614,8192,27,53,66.71
1791277399.997889,0,GPU-835f8262-5251-9f0f-5dc4-013fa2f735de,NVIDIA GeForce RTX 2080 SUPER,3886,8192,92,83,202.84
1791277399.997889,1,GPU-aec1288f-4556-3b77-af1b-45bf7ee3d8f5,NVIDIA GeForce RTX 2080 SUPER,2614,8192,18,55,56.03
1791277400.528996,0,GPU-835f8262-5251-9f0f-5dc4-013fa2f735de,NVIDIA GeForce RTX 2080 SUPER,3886,8192,78,83,202.50
1791277400.528996,1,GPU-aec1288f-4556-3b77-af1b-45bf7ee3d8f5,NVIDIA GeForce RTX 2080 SUPER,2614,8192,18,55,55.98
1791277401.0622582,0,GPU-835f8262-5251-9f0f-5dc4-013fa2f735de,NVIDIA GeForce RTX 2080 SUPER,3886,8192,78,83,202.56
1791277401.0622582,1,GPU-aec1288f-4556-3b77-af1b-45bf7ee3d8f5,NVIDIA GeForce RTX 2080 SUPER,2614,8192,2,55,55.80
1791277401.5937843,0,GPU-835f8262-5251-9f0f-5dc4-013fa2f735de,NVIDIA GeForce RTX 2080 SUPER,3886,8192,93,83,201.50
1791277401.5937843,1,GPU-aec1288f-4556-3b77-af1b-45bf7ee3d8f5,NVIDIA GeForce RTX 2080 SUPER,2614,8192,2,55,56.30
1791277402.1270537,0,GPU-835f8262-5251-9f0f-5dc4-013fa2f735de,NVIDIA GeForce RTX 2080 SUPER,3886,8192,92,83,185.51
1791277402.1270537,1,GPU-aec1288f-4556-3b77-af1b-45bf7ee3d8f5,NVIDIA GeForce RTX 2080 SUPER,2614,8192,3,55,56.40
1791277402.6580274,0,GPU-835f8262-5251-9f0f-5dc4-013fa2f735de,NVIDIA GeForce RTX 2080 SUPER,3886,8192,92,83,201.69
1791277402.6580274,1,GPU-aec1288f-4556-3b77-af1b-45bf7ee3d8f5,NVIDIA GeForce RTX 2080 SUPER,2614,8192,4,55,55.81
1791277403.191977,0,GPU-835f8262-5251-9f0f-5dc4-013fa2f735de,NVIDIA GeForce RTX 2080 SUPER,3886,8192,92,83,202.34
1791277403.191977,1,GPU-aec1288f-4556-3b77-af1b-45bf7ee3d8f5,NVIDIA GeForce RTX 2080 SUPER,2614,8192,4,55,55.94
1791277403.7251055,0,GPU-835f8262-5251-9f0f-5dc4-013fa2f735de,NVIDIA GeForce RTX 2080 SUPER,3886,8192,92,83,192.11
1791277403.7251055,1,GPU-aec1288f-4556-3b77-af1b-45bf7ee3d8f5,NVIDIA GeForce RTX 2080 SUPER,2614,8192,2,55,56.00
1791277404.2618089,0,GPU-835f8262-5251-9f0f-5dc4-013fa2f735de,NVIDIA GeForce RTX 2080 SUPER,3886,8192,92,83,201.38
1791277404.2618089,1,GPU-aec1288f-4556-3b77-af1b-45bf7ee3d8f5,NVIDIA GeForce RTX 2080 SUPER,2614,8192,2,55,56.03
1791277404.793268,0,GPU-835f8262-5251-9f0f-5dc4-013fa2f735de,NVIDIA GeForce RTX 2080 SUPER,3886,8192,92,83,201.22
1791277404.793268,1,GPU-aec1288f-4556-3b77-af1b-45bf7ee3d8f5,NVIDIA GeForce RTX 2080 SUPER,2615,8192,2,55,56.10
1791277405.3243215,0,GPU-835f8262-5251-9f0f-5dc4-013fa2f735de,NVIDIA GeForce RTX 2080 SUPER,3886,8192,92,83,202.84
1791277405.3243215,1,GPU-aec1288f-4556-3b77-af1b-45bf7ee3d8f5,NVIDIA GeForce RTX 2080 SUPER,2615,8192,2,55,56.08
1791277405.8560863,0,GPU-835f8262-5251-9f0f-5dc4-013fa2f735de,NVIDIA GeForce RTX 2080 SUPER,3886,8192,92,83,199.68
1791277405.8560863,1,GPU-aec1288f-4556-3b77-af1b-45bf7ee3d8f5,NVIDIA GeForce RTX 2080 SUPER,2616,8192,3,56,56.49
1791277406.3914154,0,GPU-835f8262-5251-9f0f-5dc4-013fa2f735de,NVIDIA GeForce RTX 2080 SUPER,3886,8192,91,83,202.16
1791277406.3914154,1,GPU-aec1288f-4556-3b77-af1b-45bf7ee3d8f5,NVIDIA GeForce RTX 2080 SUPER,2616,8192,3,56,56.04
1791277406.92439,0,GPU-835f8262-5251-9f0f-5dc4-013fa2f735de,NVIDIA GeForce RTX 2080 SUPER,3886,8192,91,83,201.81
1791277406.92439,1,GPU-aec1288f-4556-3b77-af1b-45bf7ee3d8f5,NVIDIA GeForce RTX 2080 SUPER,2616,8192,4,56,56.13
1791277407.457162,0,GPU-835f8262-5251-9f0f-5dc4-013fa2f735de,NVIDIA GeForce RTX 2080 SUPER,3886,8192,92,84,201.82
1791277407.457162,1,GPU-aec1288f-4556-3b77-af1b-45bf7ee3d8f5,NVIDIA GeForce RTX 2080 SUPER,2616,8192,4,56,55.93
1791277407.9896677,0,GPU-835f8262-5251-9f0f-5dc4-013fa2f735de,NVIDIA GeForce RTX 2080 SUPER,3886,8192,92,83,200.10
1791277407.9896677,1,GPU-aec1288f-4556-3b77-af1b-45bf7ee3d8f5,NVIDIA GeForce RTX 2080 SUPER,2616,8192,3,56,55.95
1791277408.5222514,0,GPU-835f8262-5251-9f0f-5dc4-013fa2f735de,NVIDIA GeForce RTX 2080 SUPER,3886,8192,92,84,202.74
1791277408.5222514,1,GPU-aec1288f-4556-3b77-af1b-45bf7ee3d8f5,NVIDIA GeForce RTX 2080 SUPER,2615,8192,3,56,55.94
1791277409.0532079,0,GPU-835f8262-5251-9f0f-5dc4-013fa2f735de,NVIDIA GeForce RTX 2080 SUPER,3886,8192,92,83,199.29
1791277409.0532079,1,GPU-aec1288f-4556-3b77-af1b-45bf7ee3d8f5,NVIDIA GeForce RTX 2080 SUPER,2615,8192,2,56,56.00
1791277409.5842407,0,GPU-835f8262-5251-9f0f-5dc4-013fa2f735de,NVIDIA GeForce RTX 2080 SUPER,3886,8192,92,83,200.68
1791277409.5842407,1,GPU-aec1288f-4556-3b77-af1b-45bf7ee3d8f5,NVIDIA GeForce RTX 2080 SUPER,2616,8192,2,56,56.30
1791277410.1192749,0,GPU-835f8262-5251-9f0f-5dc4-013fa2f735de,NVIDIA GeForce RTX 2080 SUPER,3886,8192,92,83,201.82
1791277410.1192749,1,GPU-aec1288f-4556-3b77-af1b-45bf7ee3d8f5,NVIDIA GeForce RTX 2080 SUPER,2616,8192,3,56,56.46
1791277410.6519463,0,GPU-835f8262-5251-9f0f-5dc4-013fa2f735de,NVIDIA GeForce RTX 2080 SUPER,3886,8192,91,83,194.29
1791277410.6519463,1,GPU-aec1288f-4556-3b77-af1b-45bf7ee3d8f5,NVIDIA GeForce RTX 2080 SUPER,2616,8192,3,56,56.37
1791277411.1834052,0,GPU-835f8262-5251-9f0f-5dc4-013fa2f735de,NVIDIA GeForce RTX 2080 SUPER,3886,8192,92,83,201.91
1791277411.1834052,1,GPU-aec1288f-4556-3b77-af1b-45bf7ee3d8f5,NVIDIA GeForce RTX 2080 SUPER,2615,8192,3,56,56.19
1791277411.7143779,0,GPU-835f8262-5251-9f0f-5dc4-013fa2f735de,NVIDIA GeForce RTX 2080 SUPER,3886,8192,92,83,198.04
1791277411.7143779,1,GPU-aec1288f-4556-3b77-af1b-45bf7ee3d8f5,NVIDIA GeForce RTX 2080 SUPER,2615,8192,2,56,56.10
1791277412.246712,0,GPU-835f8262-5251-9f0f-5dc4-013fa2f735de,NVIDIA GeForce RTX 2080 SUPER,3886,8192,91,83,201.95
1791277412.246712,1,GPU-aec1288f-4556-3b77-af1b-45bf7ee3d8f5,NVIDIA GeForce RTX 2080 SUPER,2614,8192,2,56,56.16
1791277412.7782173,0,GPU-835f8262-5251-9f0f-5dc4-013fa2f735de,NVIDIA GeForce RTX 2080 SUPER,3886,8192,91,83,200.27
1791277412.7782173,1,GPU-aec1288f-4556-3b77-af1b-45bf7ee3d8f5,NVIDIA GeForce RTX 2080 SUPER,2614,8192,2,56,56.20
1791277413.3094163,0,GPU-835f8262-5251-9f0f-5dc4-013fa2f735de,NVIDIA GeForce RTX 2080 SUPER,3886,8192,91,83,203.40
1791277413.3094163,1,GPU-aec1288f-4556-3b77-af1b-45bf7ee3d8f5,NVIDIA GeForce RTX 2080 SUPER,2615,8192,2,56,56.21
1791277413.843251,0,GPU-835f8262-5251-9f0f-5dc4-013fa2f735de,NVIDIA GeForce RTX 2080 SUPER,3886,8192,91,83,194.15
1791277413.843251,1,GPU-aec1288f-4556-3b77-af1b-45bf7ee3d8f5,NVIDIA GeForce RTX 2080 SUPER,2615,8192,3,56,56.37
1791277414.3746269,0,GPU-835f8262-5251-9f0f-5dc4-013fa2f735de,NVIDIA GeForce RTX 2080 SUPER,3886,8192,92,83,200.90
1791277414.3746269,1,GPU-aec1288f-4556-3b77-af1b-45bf7ee3d8f5,NVIDIA GeForce RTX 2080 SUPER,2616,8192,3,56,56.34
1791277414.9068859,0,GPU-835f8262-5251-9f0f-5dc4-013fa2f735de,NVIDIA GeForce RTX 2080 SUPER,3886,8192,92,83,202.43
1791277414.9068859,1,GPU-aec1288f-4556-3b77-af1b-45bf7ee3d8f5,NVIDIA GeForce RTX 2080 SUPER,2615,8192,3,56,56.21
1791277415.4395626,0,GPU-835f8262-5251-9f0f-5dc4-013fa2f735de,NVIDIA GeForce RTX 2080 SUPER,3886,8192,92,83,202.15
1791277415.4395626,1,GPU-aec1288f-4556-3b77-af1b-45bf7ee3d8f5,NVIDIA GeForce RTX 2080 SUPER,2615,8192,3,57,56.30
1791277415.9772415,0,GPU-835f8262-5251-9f0f-5dc4-013fa2f735de,NVIDIA GeForce RTX 2080 SUPER,3886,8192,92,83,195.71
1791277415.9772415,1,GPU-aec1288f-4556-3b77-af1b-45bf7ee3d8f5,NVIDIA GeForce RTX 2080 SUPER,2615,8192,2,57,26.96
1791277416.519889,0,GPU-835f8262-5251-9f0f-5dc4-013fa2f735de,NVIDIA GeForce RTX 2080 SUPER,3886,8192,92,83,197.20
1791277416.519889,1,GPU-aec1288f-4556-3b77-af1b-45bf7ee3d8f5,NVIDIA GeForce RTX 2080 SUPER,2617,8192,2,56,27.37
1791277417.071941,0,GPU-835f8262-5251-9f0f-5dc4-013fa2f735de,NVIDIA GeForce RTX 2080 SUPER,3886,8192,92,83,200.39
1791277417.071941,1,GPU-aec1288f-4556-3b77-af1b-45bf7ee3d8f5,NVIDIA GeForce RTX 2080 SUPER,2617,8192,16,55,24.32
1791277417.6217754,0,GPU-835f8262-5251-9f0f-5dc4-013fa2f735de,NVIDIA GeForce RTX 2080 SUPER,3886,8192,91,83,200.09
1791277417.6217754,1,GPU-aec1288f-4556-3b77-af1b-45bf7ee3d8f5,NVIDIA GeForce RTX 2080 SUPER,2617,8192,16,55,24.14
1791277418.1688142,0,GPU-835f8262-5251-9f0f-5dc4-013fa2f735de,NVIDIA GeForce RTX 2080 SUPER,3886,8192,92,83,203.02
1791277418.1688142,1,GPU-aec1288f-4556-3b77-af1b-45bf7ee3d8f5,NVIDIA GeForce RTX 2080 SUPER,2617,8192,38,55,20.12
1791277418.711269,0,GPU-835f8262-5251-9f0f-5dc4-013fa2f735de,NVIDIA GeForce RTX 2080 SUPER,3886,8192,92,83,202.76
1791277418.711269,1,GPU-aec1288f-4556-3b77-af1b-45bf7ee3d8f5,NVIDIA GeForce RTX 2080 SUPER,2617,8192,18,55,20.32
1791277419.2638488,0,GPU-835f8262-5251-9f0f-5dc4-013fa2f735de,NVIDIA GeForce RTX 2080 SUPER,3886,8192,93,84,202.35
1791277419.2638488,1,GPU-aec1288f-4556-3b77-af1b-45bf7ee3d8f5,NVIDIA GeForce RTX 2080 SUPER,2616,8192,18,55,19.92
1791277419.8110456,0,GPU-835f8262-5251-9f0f-5dc4-013fa2f735de,NVIDIA GeForce RTX 2080 SUPER,3886,8192,93,83,202.27
1791277419.8110456,1,GPU-aec1288f-4556-3b77-af1b-45bf7ee3d8f5,NVIDIA GeForce RTX 2080 SUPER,2616,8192,19,55,20.00
1791277420.3667839,0,GPU-835f8262-5251-9f0f-5dc4-013fa2f735de,NVIDIA GeForce RTX 2080 SUPER,3886,8192,92,83,194.75
1791277420.3667839,1,GPU-aec1288f-4556-3b77-af1b-45bf7ee3d8f5,NVIDIA GeForce RTX 2080 SUPER,2617,8192,19,55,23.10
1791277420.9207213,0,GPU-835f8262-5251-9f0f-5dc4-013fa2f735de,NVIDIA GeForce RTX 2080 SUPER,3886,8192,92,83,197.82
1791277420.9207213,1,GPU-aec1288f-4556-3b77-af1b-45bf7ee3d8f5,NVIDIA GeForce RTX 2080 SUPER,2617,8192,28,55,23.22
1791277421.4707382,0,GPU-835f8262-5251-9f0f-5dc4-013fa2f735de,NVIDIA GeForce RTX 2080 SUPER,3886,8192,92,83,202.35
1791277421.4707382,1,GPU-aec1288f-4556-3b77-af1b-45bf7ee3d8f5,NVIDIA GeForce RTX 2080 SUPER,2616,8192,28,55,20.30
1791277422.0143356,0,GPU-835f8262-5251-9f0f-5dc4-013fa2f735de,NVIDIA GeForce RTX 2080 SUPER,3886,8192,92,83,203.22
1791277422.0143356,1,GPU-aec1288f-4556-3b77-af1b-45bf7ee3d8f5,NVIDIA GeForce RTX 2080 SUPER,2616,8192,24,55,20.53
1791277422.5641434,0,GPU-835f8262-5251-9f0f-5dc4-013fa2f735de,NVIDIA GeForce RTX 2080 SUPER,3886,8192,92,83,203.25
1791277422.5641434,1,GPU-aec1288f-4556-3b77-af1b-45bf7ee3d8f5,NVIDIA GeForce RTX 2080 SUPER,2615,8192,24,55,20.11
1791277423.1136382,0,GPU-835f8262-5251-9f0f-5dc4-013fa2f735de,NVIDIA GeForce RTX 2080 SUPER,3886,8192,92,83,189.80
1791277423.1136382,1,GPU-aec1288f-4556-3b77-af1b-45bf7ee3d8f5,NVIDIA GeForce RTX 2080 SUPER,2614,8192,19,55,20.28
1791277423.6656554,0,GPU-835f8262-5251-9f0f-5dc4-013fa2f735de,NVIDIA GeForce RTX 2080 SUPER,3886,8192,92,83,201.90
1791277423.6656554,1,GPU-aec1288f-4556-3b77-af1b-45bf7ee3d8f5,NVIDIA GeForce RTX 2080 SUPER,2614,8192,19,55,20.20
1791277424.210578,0,GPU-835f8262-5251-9f0f-5dc4-013fa2f735de,NVIDIA GeForce RTX 2080 SUPER,3886,8192,92,83,197.74
1791277424.210578,1,GPU-aec1288f-4556-3b77-af1b-45bf7ee3d8f5,NVIDIA GeForce RTX 2080 SUPER,2614,8192,19,55,20.19
1791277424.7578626,0,GPU-835f8262-5251-9f0f-5dc4-013fa2f735de,NVIDIA GeForce RTX 2080 SUPER,3886,8192,92,84,201.98
1791277424.7578626,1,GPU-aec1288f-4556-3b77-af1b-45bf7ee3d8f5,NVIDIA GeForce RTX 2080 SUPER,2615,8192,19,55,22.09
1791277425.3031003,0,GPU-835f8262-5251-9f0f-5dc4-013fa2f735de,NVIDIA GeForce RTX 2080 SUPER,3886,8192,92,83,201.19
1791277425.3031003,1,GPU-aec1288f-4556-3b77-af1b-45bf7ee3d8f5,NVIDIA GeForce RTX 2080 SUPER,2615,8192,22,55,23.90
1791277425.8610935,0,GPU-835f8262-5251-9f0f-5dc4-013fa2f735de,NVIDIA GeForce RTX 2080 SUPER,3886,8192,92,83,189.55
1791277425.8610935,1,GPU-aec1288f-4556-3b77-af1b-45bf7ee3d8f5,NVIDIA GeForce RTX 2080 SUPER,2615,8192,29,55,20.17
1791277426.4054499,0,GPU-835f8262-5251-9f0f-5dc4-013fa2f735de,NVIDIA GeForce RTX 2080 SUPER,3886,8192,93,83,192.37
1791277426.4054499,1,GPU-aec1288f-4556-3b77-af1b-45bf7ee3d8f5,NVIDIA GeForce RTX 2080 SUPER,2614,8192,29,55,20.15
1791277426.956932,0,GPU-835f8262-5251-9f0f-5dc4-013fa2f735de,NVIDIA GeForce RTX 2080 SUPER,3886,8192,93,83,191.82
1791277426.956932,1,GPU-aec1288f-4556-3b77-af1b-45bf7ee3d8f5,NVIDIA GeForce RTX 2080 SUPER,2614,8192,19,55,21.07
1791277427.5038774,0,GPU-835f8262-5251-9f0f-5dc4-013fa2f735de,NVIDIA GeForce RTX 2080 SUPER,3886,8192,92,83,202.59
1791277427.5038774,1,GPU-aec1288f-4556-3b77-af1b-45bf7ee3d8f5,NVIDIA GeForce RTX 2080 SUPER,2614,8192,19,55,20.03
1791277428.0477605,0,GPU-835f8262-5251-9f0f-5dc4-013fa2f735de,NVIDIA GeForce RTX 2080 SUPER,3886,8192,92,83,199.69
1791277428.0477605,1,GPU-aec1288f-4556-3b77-af1b-45bf7ee3d8f5,NVIDIA GeForce RTX 2080 SUPER,2614,8192,19,55,20.47
1791277428.6139293,0,GPU-835f8262-5251-9f0f-5dc4-013fa2f735de,NVIDIA GeForce RTX 2080 SUPER,3886,8192,92,84,191.92
1791277428.6139293,1,GPU-aec1288f-4556-3b77-af1b-45bf7ee3d8f5,NVIDIA GeForce RTX 2080 SUPER,2614,8192,19,54,20.91
1791277429.171108,0,GPU-835f8262-5251-9f0f-5dc4-013fa2f735de,NVIDIA GeForce RTX 2080 SUPER,3886,8192,92,84,194.52
1791277429.171108,1,GPU-aec1288f-4556-3b77-af1b-45bf7ee3d8f5,NVIDIA GeForce RTX 2080 SUPER,2614,8192,22,55,24.03
1791277429.7142735,0,GPU-835f8262-5251-9f0f-5dc4-013fa2f735de,NVIDIA GeForce RTX 2080 SUPER,3886,8192,92,83,195.21
1791277429.7142735,1,GPU-aec1288f-4556-3b77-af1b-45bf7ee3d8f5,NVIDIA GeForce RTX 2080 SUPER,2614,8192,22,54,20.31
1791277430.2662458,0,GPU-835f8262-5251-9f0f-5dc4-013fa2f735de,NVIDIA GeForce RTX 2080 SUPER,3886,8192,93,83,193.63
1791277430.2662458,1,GPU-aec1288f-4556-3b77-af1b-45bf7ee3d8f5,NVIDIA GeForce RTX 2080 SUPER,2614,8192,28,54,20.23
1791277430.8110845,0,GPU-835f8262-5251-9f0f-5dc4-013fa2f735de,NVIDIA GeForce RTX 2080 SUPER,3886,8192,93,84,201.96
1791277430.8110845,1,GPU-aec1288f-4556-3b77-af1b-45bf7ee3d8f5,NVIDIA GeForce RTX 2080 SUPER,2614,8192,28,54,20.26
1791277431.36102,0,GPU-835f8262-5251-9f0f-5dc4-013fa2f735de,NVIDIA GeForce RTX 2080 SUPER,3886,8192,92,83,199.98
1791277431.36102,1,GPU-aec1288f-4556-3b77-af1b-45bf7ee3d8f5,NVIDIA GeForce RTX 2080 SUPER,2614,8192,19,54,20.22
1791277431.9038212,0,GPU-835f8262-5251-9f0f-5dc4-013fa2f735de,NVIDIA GeForce RTX 2080 SUPER,3886,8192,92,84,191.80
1791277431.9038212,1,GPU-aec1288f-4556-3b77-af1b-45bf7ee3d8f5,NVIDIA GeForce RTX 2080 SUPER,2614,8192,19,54,20.56
1791277432.4470553,0,GPU-835f8262-5251-9f0f-5dc4-013fa2f735de,NVIDIA GeForce RTX 2080 SUPER,3886,8192,92,84,184.57
1791277432.4470553,1,GPU-aec1288f-4556-3b77-af1b-45bf7ee3d8f5,NVIDIA GeForce RTX 2080 SUPER,2613,8192,19,54,20.33
1791277432.9947727,0,GPU-835f8262-5251-9f0f-5dc4-013fa2f735de,NVIDIA GeForce RTX 2080 SUPER,3886,8192,92,83,202.57
1791277432.9947727,1,GPU-aec1288f-4556-3b77-af1b-45bf7ee3d8f5,NVIDIA GeForce RTX 2080 SUPER,2614,8192,22,54,22.94
1791277433.543116,0,GPU-835f8262-5251-9f0f-5dc4-013fa2f735de,NVIDIA GeForce RTX 2080 SUPER,3886,8192,92,83,202.43
1791277433.543116,1,GPU-aec1288f-4556-3b77-af1b-45bf7ee3d8f5,NVIDIA GeForce RTX 2080 SUPER,2614,8192,22,54,24.07
1791277434.0899494,0,GPU-835f8262-5251-9f0f-5dc4-013fa2f735de,NVIDIA GeForce RTX 2080 SUPER,3886,8192,92,83,190.84
1791277434.0899494,1,GPU-aec1288f-4556-3b77-af1b-45bf7ee3d8f5,NVIDIA GeForce RTX 2080 SUPER,2614,8192,29,54,20.46
1791277434.636919,0,GPU-835f8262-5251-9f0f-5dc4-013fa2f735de,NVIDIA GeForce RTX 2080 SUPER,3886,8192,92,83,195.34
1791277434.636919,1,GPU-aec1288f-4556-3b77-af1b-45bf7ee3d8f5,NVIDIA GeForce RTX 2080 SUPER,2614,8192,29,54,20.28
1791277435.1781878,0,GPU-835f8262-5251-9f0f-5dc4-013fa2f735de,NVIDIA GeForce RTX 2080 SUPER,3886,8192,92,83,192.66
1791277435.1781878,1,GPU-aec1288f-4556-3b77-af1b-45bf7ee3d8f5,NVIDIA GeForce RTX 2080 SUPER,2614,8192,19,54,20.21
1791277435.7273934,0,GPU-835f8262-5251-9f0f-5dc4-013fa2f735de,NVIDIA GeForce RTX 2080 SUPER,3886,8192,92,83,198.10
1791277435.7273934,1,GPU-aec1288f-4556-3b77-af1b-45bf7ee3d8f5,NVIDIA GeForce RTX 2080 SUPER,2614,8192,19,54,20.48
1791277436.2751598,0,GPU-835f8262-5251-9f0f-5dc4-013fa2f735de,NVIDIA GeForce RTX 2080 SUPER,3886,8192,93,83,198.10
1791277436.2751598,1,GPU-aec1288f-4556-3b77-af1b-45bf7ee3d8f5,NVIDIA GeForce RTX 2080 SUPER,2613,8192,19,54,20.55
1791277436.815069,0,GPU-835f8262-5251-9f0f-5dc4-013fa2f735de,NVIDIA GeForce RTX 2080 SUPER,3886,8192,93,83,189.96
1791277436.815069,1,GPU-aec1288f-4556-3b77-af1b-45bf7ee3d8f5,NVIDIA GeForce RTX 2080 SUPER,2614,8192,19,54,24.09
1791277437.3679438,0,GPU-835f8262-5251-9f0f-5dc4-013fa2f735de,NVIDIA GeForce RTX 2080 SUPER,3886,8192,92,84,201.93
1791277437.3679438,1,GPU-aec1288f-4556-3b77-af1b-45bf7ee3d8f5,NVIDIA GeForce RTX 2080 SUPER,2614,8192,23,54,23.80
1791277437.9103749,0,GPU-835f8262-5251-9f0f-5dc4-013fa2f735de,NVIDIA GeForce RTX 2080 SUPER,3886,8192,92,83,200.67
1791277437.9103749,1,GPU-aec1288f-4556-3b77-af1b-45bf7ee3d8f5,NVIDIA GeForce RTX 2080 SUPER,2614,8192,28,54,21.30
1791277438.4566152,0,GPU-835f8262-5251-9f0f-5dc4-013fa2f735de,NVIDIA GeForce RTX 2080 SUPER,3886,8192,93,83,201.77
1791277438.4566152,1,GPU-aec1288f-4556-3b77-af1b-45bf7ee3d8f5,NVIDIA GeForce RTX 2080 SUPER,2614,8192,28,54,20.38
1791277439.002615,0,GPU-835f8262-5251-9f0f-5dc4-013fa2f735de,NVIDIA GeForce RTX 2080 SUPER,3886,8192,93,83,197.87
1791277439.002615,1,GPU-aec1288f-4556-3b77-af1b-45bf7ee3d8f5,NVIDIA GeForce RTX 2080 SUPER,2614,8192,19,54,20.69
1791277439.5441468,0,GPU-835f8262-5251-9f0f-5dc4-013fa2f735de,NVIDIA GeForce RTX 2080 SUPER,3886,8192,92,84,193.44
1791277439.5441468,1,GPU-aec1288f-4556-3b77-af1b-45bf7ee3d8f5,NVIDIA GeForce RTX 2080 SUPER,2614,8192,19,54,20.36
1791277440.0917506,0,GPU-835f8262-5251-9f0f-5dc4-013fa2f735de,NVIDIA GeForce RTX 2080 SUPER,3886,8192,92,84,192.91
1791277440.0917506,1,GPU-aec1288f-4556-3b77-af1b-45bf7ee3d8f5,NVIDIA GeForce RTX 2080 SUPER,2608,8192,19,54,20.53
1791277440.636714,0,GPU-835f8262-5251-9f0f-5dc4-013fa2f735de,NVIDIA GeForce RTX 2080 SUPER,3886,8192,92,83,194.81
1791277440.636714,1,GPU-aec1288f-4556-3b77-af1b-45bf7ee3d8f5,NVIDIA GeForce RTX 2080 SUPER,2609,8192,19,54,21.87
1791277441.1886337,0,GPU-835f8262-5251-9f0f-5dc4-013fa2f735de,NVIDIA GeForce RTX 2080 SUPER,3886,8192,92,83,197.63
1791277441.1886337,1,GPU-aec1288f-4556-3b77-af1b-45bf7ee3d8f5,NVIDIA GeForce RTX 2080 SUPER,2609,8192,24,54,24.22
1791277441.8005884,0,GPU-835f8262-5251-9f0f-5dc4-013fa2f735de,NVIDIA GeForce RTX 2080 SUPER,3620,8192,93,79,77.92
1791277441.8005884,1,GPU-aec1288f-4556-3b77-af1b-45bf7ee3d8f5,NVIDIA GeForce RTX 2080 SUPER,1835,8192,24,57,57.08
1791277442.341936,0,GPU-835f8262-5251-9f0f-5dc4-013fa2f735de,NVIDIA GeForce RTX 2080 SUPER,3620,8192,28,77,77.95
1791277442.341936,1,GPU-aec1288f-4556-3b77-af1b-45bf7ee3d8f5,NVIDIA GeForce RTX 2080 SUPER,545,8192,29,56,57.30
1791277442.8778872,0,GPU-835f8262-5251-9f0f-5dc4-013fa2f735de,NVIDIA GeForce RTX 2080 SUPER,3620,8192,28,76,76.54
1791277442.8778872,1,GPU-aec1288f-4556-3b77-af1b-45bf7ee3d8f5,NVIDIA GeForce RTX 2080 SUPER,675,8192,29,56,57.25
1791277443.4131649,0,GPU-835f8262-5251-9f0f-5dc4-013fa2f735de,NVIDIA GeForce RTX 2080 SUPER,3620,8192,0,76,74.37
1791277443.4131649,1,GPU-aec1288f-4556-3b77-af1b-45bf7ee3d8f5,NVIDIA GeForce RTX 2080 SUPER,674,8192,4,56,57.27
1791277443.9526477,0,GPU-835f8262-5251-9f0f-5dc4-013fa2f735de,NVIDIA GeForce RTX 2080 SUPER,3620,8192,0,74,64.45
1791277443.9526477,1,GPU-aec1288f-4556-3b77-af1b-45bf7ee3d8f5,NVIDIA GeForce RTX 2080 SUPER,674,8192,2,56,57.47
1791277444.4889903,0,GPU-835f8262-5251-9f0f-5dc4-013fa2f735de,NVIDIA GeForce RTX 2080 SUPER,3620,8192,0,74,63.85
1791277444.4889903,1,GPU-aec1288f-4556-3b77-af1b-45bf7ee3d8f5,NVIDIA GeForce RTX 2080 SUPER,674,8192,2,56,57.30
1791277445.0243523,0,GPU-835f8262-5251-9f0f-5dc4-013fa2f735de,NVIDIA GeForce RTX 2080 SUPER,3622,8192,0,73,63.72
1791277445.0243523,1,GPU-aec1288f-4556-3b77-af1b-45bf7ee3d8f5,NVIDIA GeForce RTX 2080 SUPER,2557,8192,18,56,69.21
1791277445.5546205,0,GPU-835f8262-5251-9f0f-5dc4-013fa2f735de,NVIDIA GeForce RTX 2080 SUPER,3654,8192,12,74,75.76
1791277445.5546205,1,GPU-aec1288f-4556-3b77-af1b-45bf7ee3d8f5,NVIDIA GeForce RTX 2080 SUPER,2557,8192,18,57,66.47
1791277446.0843866,0,GPU-835f8262-5251-9f0f-5dc4-013fa2f735de,NVIDIA GeForce RTX 2080 SUPER,3654,8192,12,73,75.09
1791277446.0843866,1,GPU-aec1288f-4556-3b77-af1b-45bf7ee3d8f5,NVIDIA GeForce RTX 2080 SUPER,2559,8192,6,57,67.26
1791277446.6208797,0,GPU-835f8262-5251-9f0f-5dc4-013fa2f735de,NVIDIA GeForce RTX 2080 SUPER,3654,8192,33,73,76.09
1791277446.6208797,1,GPU-aec1288f-4556-3b77-af1b-45bf7ee3d8f5,NVIDIA GeForce RTX 2080 SUPER,2558,8192,6,57,66.70
1791277447.156365,0,GPU-835f8262-5251-9f0f-5dc4-013fa2f735de,NVIDIA GeForce RTX 2080 SUPER,3654,8192,33,73,75.91
1791277447.156365,1,GPU-aec1288f-4556-3b77-af1b-45bf7ee3d8f5,NVIDIA GeForce RTX 2080 SUPER,2559,8192,3,57,56.76
1791277447.6872451,0,GPU-835f8262-5251-9f0f-5dc4-013fa2f735de,NVIDIA GeForce RTX 2080 SUPER,3654,8192,34,72,75.91
1791277447.6872451,1,GPU-aec1288f-4556-3b77-af1b-45bf7ee3d8f5,NVIDIA GeForce RTX 2080 SUPER,2559,8192,3,57,56.67
1791277448.2627933,0,GPU-835f8262-5251-9f0f-5dc4-013fa2f735de,NVIDIA GeForce RTX 2080 SUPER,3654,8192,34,72,75.94
1791277448.2627933,1,GPU-aec1288f-4556-3b77-af1b-45bf7ee3d8f5,NVIDIA GeForce RTX 2080 SUPER,2558,8192,3,57,56.62
1791277448.7982366,0,GPU-835f8262-5251-9f0f-5dc4-013fa2f735de,NVIDIA GeForce RTX 2080 SUPER,3654,8192,34,71,75.82
1791277448.7982366,1,GPU-aec1288f-4556-3b77-af1b-45bf7ee3d8f5,NVIDIA GeForce RTX 2080 SUPER,2558,8192,3,57,56.64
1791277449.3314893,0,GPU-835f8262-5251-9f0f-5dc4-013fa2f735de,NVIDIA GeForce RTX 2080 SUPER,3654,8192,34,71,75.20
1791277449.3314893,1,GPU-aec1288f-4556-3b77-af1b-45bf7ee3d8f5,NVIDIA GeForce RTX 2080 SUPER,2558,8192,2,57,56.46
1791277449.8628058,0,GPU-835f8262-5251-9f0f-5dc4-013fa2f735de,NVIDIA GeForce RTX 2080 SUPER,3654,8192,34,71,75.25
1791277449.8628058,1,GPU-aec1288f-4556-3b77-af1b-45bf7ee3d8f5,NVIDIA GeForce RTX 2080 SUPER,2559,8192,2,57,57.01
1791277450.3951116,0,GPU-835f8262-5251-9f0f-5dc4-013fa2f735de,NVIDIA GeForce RTX 2080 SUPER,3654,8192,34,70,75.50
1791277450.3951116,1,GPU-aec1288f-4556-3b77-af1b-45bf7ee3d8f5,NVIDIA GeForce RTX 2080 SUPER,2559,8192,3,57,56.93
1791277450.9277976,0,GPU-835f8262-5251-9f0f-5dc4-013fa2f735de,NVIDIA GeForce RTX 2080 SUPER,3654,8192,34,70,75.21
1791277450.9277976,1,GPU-aec1288f-4556-3b77-af1b-45bf7ee3d8f5,NVIDIA GeForce RTX 2080 SUPER,2555,8192,3,57,56.69
1791277451.4622264,0,GPU-835f8262-5251-9f0f-5dc4-013fa2f735de,NVIDIA GeForce RTX 2080 SUPER,3926,8192,34,70,79.64
1791277451.4622264,1,GPU-aec1288f-4556-3b77-af1b-45bf7ee3d8f5,NVIDIA GeForce RTX 2080 SUPER,2557,8192,4,57,57.32
1791277451.994617,0,GPU-835f8262-5251-9f0f-5dc4-013fa2f735de,NVIDIA GeForce RTX 2080 SUPER,3926,8192,34,71,92.69
1791277451.994617,1,GPU-aec1288f-4556-3b77-af1b-45bf7ee3d8f5,NVIDIA GeForce RTX 2080 SUPER,2557,8192,8,57,56.90
1791277452.5265203,0,GPU-835f8262-5251-9f0f-5dc4-013fa2f735de,NVIDIA GeForce RTX 2080 SUPER,3926,8192,35,71,92.96
1791277452.5265203,1,GPU-aec1288f-4556-3b77-af1b-45bf7ee3d8f5,NVIDIA GeForce RTX 2080 SUPER,2557,8192,8,57,56.54
1791277453.0587635,0,GPU-835f8262-5251-9f0f-5dc4-013fa2f735de,NVIDIA GeForce RTX 2080 SUPER,3926,8192,35,71,92.70
1791277453.0587635,1,GPU-aec1288f-4556-3b77-af1b-45bf7ee3d8f5,NVIDIA GeForce RTX 2080 SUPER,2557,8192,3,57,56.60
1791277453.5938215,0,GPU-835f8262-5251-9f0f-5dc4-013fa2f735de,NVIDIA GeForce RTX 2080 SUPER,3926,8192,32,70,74.33
1791277453.5938215,1,GPU-aec1288f-4556-3b77-af1b-45bf7ee3d8f5,NVIDIA GeForce RTX 2080 SUPER,2556,8192,3,57,56.82
1791277454.1304374,0,GPU-835f8262-5251-9f0f-5dc4-013fa2f735de,NVIDIA GeForce RTX 2080 SUPER,3926,8192,32,69,74.08
1791277454.1304374,1,GPU-aec1288f-4556-3b77-af1b-45bf7ee3d8f5,NVIDIA GeForce RTX 2080 SUPER,2556,8192,2,57,56.79
1791277454.6635191,0,GPU-835f8262-5251-9f0f-5dc4-013fa2f735de,NVIDIA GeForce RTX 2080 SUPER,3926,8192,34,69,74.28
1791277454.6635191,1,GPU-aec1288f-4556-3b77-af1b-45bf7ee3d8f5,NVIDIA GeForce RTX 2080 SUPER,2556,8192,2,57,56.83
1791277455.1958606,0,GPU-835f8262-5251-9f0f-5dc4-013fa2f735de,NVIDIA GeForce RTX 2080 SUPER,3926,8192,34,68,74.03
1791277455.1958606,1,GPU-aec1288f-4556-3b77-af1b-45bf7ee3d8f5,NVIDIA GeForce RTX 2080 SUPER,2557,8192,2,57,56.85
1791277455.7277968,0,GPU-835f8262-5251-9f0f-5dc4-013fa2f735de,NVIDIA GeForce RTX 2080 SUPER,3926,8192,34,68,73.86
1791277455.7277968,1,GPU-aec1288f-4556-3b77-af1b-45bf7ee3d8f5,NVIDIA GeForce RTX 2080 SUPER,2555,8192,2,57,57.39
1791277456.258508,0,GPU-835f8262-5251-9f0f-5dc4-013fa2f735de,NVIDIA GeForce RTX 2080 SUPER,3926,8192,34,68,73.85
1791277456.258508,1,GPU-aec1288f-4556-3b77-af1b-45bf7ee3d8f5,NVIDIA GeForce RTX 2080 SUPER,2555,8192,4,57,56.88
1791277456.7900198,0,GPU-835f8262-5251-9f0f-5dc4-013fa2f735de,NVIDIA GeForce RTX 2080 SUPER,3926,8192,34,68,73.93
1791277456.7900198,1,GPU-aec1288f-4556-3b77-af1b-45bf7ee3d8f5,NVIDIA GeForce RTX 2080 SUPER,2555,8192,4,58,56.94
1791277457.32225,0,GPU-835f8262-5251-9f0f-5dc4-013fa2f735de,NVIDIA GeForce RTX 2080 SUPER,3926,8192,34,67,73.59
1791277457.32225,1,GPU-aec1288f-4556-3b77-af1b-45bf7ee3d8f5,NVIDIA GeForce RTX 2080 SUPER,2555,8192,3,58,57.02
1791277457.8555691,0,GPU-835f8262-5251-9f0f-5dc4-013fa2f735de,NVIDIA GeForce RTX 2080 SUPER,3926,8192,34,67,73.71
1791277457.8555691,1,GPU-aec1288f-4556-3b77-af1b-45bf7ee3d8f5,NVIDIA GeForce RTX 2080 SUPER,2555,8192,3,58,56.90
1791277458.3880014,0,GPU-835f8262-5251-9f0f-5dc4-013fa2f735de,NVIDIA GeForce RTX 2080 SUPER,3926,8192,34,67,73.65
1791277458.3880014,1,GPU-aec1288f-4556-3b77-af1b-45bf7ee3d8f5,NVIDIA GeForce RTX 2080 SUPER,2554,8192,3,58,56.92
1791277458.919755,0,GPU-835f8262-5251-9f0f-5dc4-013fa2f735de,NVIDIA GeForce RTX 2080 SUPER,3926,8192,34,67,73.35
1791277458.919755,1,GPU-aec1288f-4556-3b77-af1b-45bf7ee3d8f5,NVIDIA GeForce RTX 2080 SUPER,2554,8192,3,58,57.04
1791277459.4506161,0,GPU-835f8262-5251-9f0f-5dc4-013fa2f735de,NVIDIA GeForce RTX 2080 SUPER,3926,8192,34,67,73.41
1791277459.4506161,1,GPU-aec1288f-4556-3b77-af1b-45bf7ee3d8f5,NVIDIA GeForce RTX 2080 SUPER,2555,8192,2,58,57.45
1791277459.9826324,0,GPU-835f8262-5251-9f0f-5dc4-013fa2f735de,NVIDIA GeForce RTX 2080 SUPER,3926,8192,34,67,72.97
1791277459.9826324,1,GPU-aec1288f-4556-3b77-af1b-45bf7ee3d8f5,NVIDIA GeForce RTX 2080 SUPER,2555,8192,2,58,57.48
1791277460.5160015,0,GPU-835f8262-5251-9f0f-5dc4-013fa2f735de,NVIDIA GeForce RTX 2080 SUPER,3926,8192,34,66,72.79
1791277460.5160015,1,GPU-aec1288f-4556-3b77-af1b-45bf7ee3d8f5,NVIDIA GeForce RTX 2080 SUPER,2555,8192,4,58,56.94
1791277461.0476992,0,GPU-835f8262-5251-9f0f-5dc4-013fa2f735de,NVIDIA GeForce RTX 2080 SUPER,3926,8192,34,66,72.87
1791277461.0476992,1,GPU-aec1288f-4556-3b77-af1b-45bf7ee3d8f5,NVIDIA GeForce RTX 2080 SUPER,2555,8192,3,58,57.07
1791277461.5798955,0,GPU-835f8262-5251-9f0f-5dc4-013fa2f735de,NVIDIA GeForce RTX 2080 SUPER,3926,8192,35,66,72.49
1791277461.5798955,1,GPU-aec1288f-4556-3b77-af1b-45bf7ee3d8f5,NVIDIA GeForce RTX 2080 SUPER,2555,8192,3,58,56.98
1791277462.1114643,0,GPU-835f8262-5251-9f0f-5dc4-013fa2f735de,NVIDIA GeForce RTX 2080 SUPER,3926,8192,35,66,72.37
1791277462.1114643,1,GPU-aec1288f-4556-3b77-af1b-45bf7ee3d8f5,NVIDIA GeForce RTX 2080 SUPER,2555,8192,2,58,56.95
1791277462.6430237,0,GPU-835f8262-5251-9f0f-5dc4-013fa2f735de,NVIDIA GeForce RTX 2080 SUPER,3926,8192,35,66,72.41
1791277462.6430237,1,GPU-aec1288f-4556-3b77-af1b-45bf7ee3d8f5,NVIDIA GeForce RTX 2080 SUPER,2554,8192,2,58,56.96
1791277463.1755288,0,GPU-835f8262-5251-9f0f-5dc4-013fa2f735de,NVIDIA GeForce RTX 2080 SUPER,3926,8192,35,66,75.09
1791277463.1755288,1,GPU-aec1288f-4556-3b77-af1b-45bf7ee3d8f5,NVIDIA GeForce RTX 2080 SUPER,2555,8192,2,58,66.75
1791277463.7077308,0,GPU-835f8262-5251-9f0f-5dc4-013fa2f735de,NVIDIA GeForce RTX 2080 SUPER,3926,8192,37,66,80.12
1791277463.7077308,1,GPU-aec1288f-4556-3b77-af1b-45bf7ee3d8f5,NVIDIA GeForce RTX 2080 SUPER,2555,8192,2,58,57.42
1791277464.2393034,0,GPU-835f8262-5251-9f0f-5dc4-013fa2f735de,NVIDIA GeForce RTX 2080 SUPER,3926,8192,37,66,80.06
1791277464.2393034,1,GPU-aec1288f-4556-3b77-af1b-45bf7ee3d8f5,NVIDIA GeForce RTX 2080 SUPER,2555,8192,8,58,56.91
1791277464.7724502,0,GPU-835f8262-5251-9f0f-5dc4-013fa2f735de,NVIDIA GeForce RTX 2080 SUPER,3926,8192,32,66,80.05
1791277464.7724502,1,GPU-aec1288f-4556-3b77-af1b-45bf7ee3d8f5,NVIDIA GeForce RTX 2080 SUPER,2555,8192,8,58,56.95
1791277465.3049662,0,GPU-835f8262-5251-9f0f-5dc4-013fa2f735de,NVIDIA GeForce RTX 2080 SUPER,3926,8192,32,66,79.20
1791277465.3049662,1,GPU-aec1288f-4556-3b77-af1b-45bf7ee3d8f5,NVIDIA GeForce RTX 2080 SUPER,2555,8192,3,58,56.87
1791277465.8362198,0,GPU-835f8262-5251-9f0f-5dc4-013fa2f735de,NVIDIA GeForce RTX 2080 SUPER,3926,8192,33,65,72.40
1791277465.8362198,1,GPU-aec1288f-4556-3b77-af1b-45bf7ee3d8f5,NVIDIA GeForce RTX 2080 SUPER,2555,8192,3,58,57.23
1791277466.367575,0,GPU-835f8262-5251-9f0f-5dc4-013fa2f735de,NVIDIA GeForce RTX 2080 SUPER,3926,8192,34,65,71.95
1791277466.367575,1,GPU-aec1288f-4556-3b77-af1b-45bf7ee3d8f5,NVIDIA GeForce RTX 2080 SUPER,2554,8192,2,58,57.32
1791277466.8993495,0,GPU-835f8262-5251-9f0f-5dc4-013fa2f735de,NVIDIA GeForce RTX 2080 SUPER,3926,8192,34,65,72.20
1791277466.8993495,1,GPU-aec1288f-4556-3b77-af1b-45bf7ee3d8f5,NVIDIA GeForce RTX 2080 SUPER,2554,8192,2,59,57.20
1791277467.4328182,0,GPU-835f8262-5251-9f0f-5dc4-013fa2f735de,NVIDIA GeForce RTX 2080 SUPER,3926,8192,34,65,71.89
1791277467.4328182,1,GPU-aec1288f-4556-3b77-af1b-45bf7ee3d8f5,NVIDIA GeForce RTX 2080 SUPER,2555,8192,3,59,57.47
1791277467.9649246,0,GPU-835f8262-5251-9f0f-5dc4-013fa2f735de,NVIDIA GeForce RTX 2080 SUPER,3926,8192,34,64,72.00
1791277467.9649246,1,GPU-aec1288f-4556-3b77-af1b-45bf7ee3d8f5,NVIDIA GeForce RTX 2080 SUPER,2555,8192,3,59,57.52
1791277468.4966595,0,GPU-835f8262-5251-9f0f-5dc4-013fa2f735de,NVIDIA GeForce RTX 2080 SUPER,3926,8192,34,64,71.73
1791277468.4966595,1,GPU-aec1288f-4556-3b77-af1b-45bf7ee3d8f5,NVIDIA GeForce RTX 2080 SUPER,2555,8192,4,59,57.21
1791277469.027681,0,GPU-835f8262-5251-9f0f-5dc4-013fa2f735de,NVIDIA GeForce RTX 2080 SUPER,3926,8192,34,64,71.52
1791277469.027681,1,GPU-aec1288f-4556-3b77-af1b-45bf7ee3d8f5,NVIDIA GeForce RTX 2080 SUPER,2555,8192,3,59,57.19
1791277469.5595424,0,GPU-835f8262-5251-9f0f-5dc4-013fa2f735de,NVIDIA GeForce RTX 2080 SUPER,3926,8192,34,64,71.75
1791277469.5595424,1,GPU-aec1288f-4556-3b77-af1b-45bf7ee3d8f5,NVIDIA GeForce RTX 2080 SUPER,2555,8192,3,59,57.14
1791277470.0913677,0,GPU-835f8262-5251-9f0f-5dc4-013fa2f735de,NVIDIA GeForce RTX 2080 SUPER,3926,8192,34,64,71.46
1791277470.0913677,1,GPU-aec1288f-4556-3b77-af1b-45bf7ee3d8f5,NVIDIA GeForce RTX 2080 SUPER,2555,8192,2,59,57.06
1791277470.623304,0,GPU-835f8262-5251-9f0f-5dc4-013fa2f735de,NVIDIA GeForce RTX 2080 SUPER,3926,8192,34,64,71.65
1791277470.623304,1,GPU-aec1288f-4556-3b77-af1b-45bf7ee3d8f5,NVIDIA GeForce RTX 2080 SUPER,2554,8192,2,59,57.09
1791277471.1545115,0,GPU-835f8262-5251-9f0f-5dc4-013fa2f735de,NVIDIA GeForce RTX 2080 SUPER,3926,8192,34,64,71.65
1791277471.1545115,1,GPU-aec1288f-4556-3b77-af1b-45bf7ee3d8f5,NVIDIA GeForce RTX 2080 SUPER,2554,8192,2,59,57.14
1791277471.687291,0,GPU-835f8262-5251-9f0f-5dc4-013fa2f735de,NVIDIA GeForce RTX 2080 SUPER,3926,8192,34,64,71.16
1791277471.687291,1,GPU-aec1288f-4556-3b77-af1b-45bf7ee3d8f5,NVIDIA GeForce RTX 2080 SUPER,2555,8192,2,59,57.63
1791277472.2188952,0,GPU-835f8262-5251-9f0f-5dc4-013fa2f735de,NVIDIA GeForce RTX 2080 SUPER,3926,8192,34,64,71.57
1791277472.2188952,1,GPU-aec1288f-4556-3b77-af1b-45bf7ee3d8f5,NVIDIA GeForce RTX 2080 SUPER,2555,8192,4,59,57.30
1791277472.7521875,0,GPU-835f8262-5251-9f0f-5dc4-013fa2f735de,NVIDIA GeForce RTX 2080 SUPER,3926,8192,34,64,71.54
1791277472.7521875,1,GPU-aec1288f-4556-3b77-af1b-45bf7ee3d8f5,NVIDIA GeForce RTX 2080 SUPER,2555,8192,4,59,57.23
1791277473.2841933,0,GPU-835f8262-5251-9f0f-5dc4-013fa2f735de,NVIDIA GeForce RTX 2080 SUPER,3926,8192,34,63,71.64
1791277473.2841933,1,GPU-aec1288f-4556-3b77-af1b-45bf7ee3d8f5,NVIDIA GeForce RTX 2080 SUPER,2555,8192,3,59,57.30
1791277473.8160076,0,GPU-835f8262-5251-9f0f-5dc4-013fa2f735de,NVIDIA GeForce RTX 2080 SUPER,3926,8192,34,63,71.51
1791277473.8160076,1,GPU-aec1288f-4556-3b77-af1b-45bf7ee3d8f5,NVIDIA GeForce RTX 2080 SUPER,2555,8192,3,59,57.34
1791277474.349004,0,GPU-835f8262-5251-9f0f-5dc4-013fa2f735de,NVIDIA GeForce RTX 2080 SUPER,3926,8192,34,63,71.54
1791277474.349004,1,GPU-aec1288f-4556-3b77-af1b-45bf7ee3d8f5,NVIDIA GeForce RTX 2080 SUPER,2554,8192,2,59,57.23
1791277474.8802376,0,GPU-835f8262-5251-9f0f-5dc4-013fa2f735de,NVIDIA GeForce RTX 2080 SUPER,3926,8192,34,63,71.76
1791277474.8802376,1,GPU-aec1288f-4556-3b77-af1b-45bf7ee3d8f5,NVIDIA GeForce RTX 2080 SUPER,2554,8192,2,59,57.33
1791277475.4134018,0,GPU-835f8262-5251-9f0f-5dc4-013fa2f735de,NVIDIA GeForce RTX 2080 SUPER,3926,8192,34,63,71.29
1791277475.4134018,1,GPU-aec1288f-4556-3b77-af1b-45bf7ee3d8f5,NVIDIA GeForce RTX 2080 SUPER,2555,8192,2,59,57.46
1791277475.9455378,0,GPU-835f8262-5251-9f0f-5dc4-013fa2f735de,NVIDIA GeForce RTX 2080 SUPER,3926,8192,34,63,71.78
1791277475.9455378,1,GPU-aec1288f-4556-3b77-af1b-45bf7ee3d8f5,NVIDIA GeForce RTX 2080 SUPER,2555,8192,2,59,57.55
1791277476.4780986,0,GPU-835f8262-5251-9f0f-5dc4-013fa2f735de,NVIDIA GeForce RTX 2080 SUPER,3926,8192,34,63,71.85
1791277476.4780986,1,GPU-aec1288f-4556-3b77-af1b-45bf7ee3d8f5,NVIDIA GeForce RTX 2080 SUPER,2555,8192,4,60,57.23
1791277477.0121896,0,GPU-835f8262-5251-9f0f-5dc4-013fa2f735de,NVIDIA GeForce RTX 2080 SUPER,3926,8192,34,63,71.42
1791277477.0121896,1,GPU-aec1288f-4556-3b77-af1b-45bf7ee3d8f5,NVIDIA GeForce RTX 2080 SUPER,2555,8192,4,60,57.22
1791277477.545908,0,GPU-835f8262-5251-9f0f-5dc4-013fa2f735de,NVIDIA GeForce RTX 2080 SUPER,3926,8192,34,63,71.51
1791277477.545908,1,GPU-aec1288f-4556-3b77-af1b-45bf7ee3d8f5,NVIDIA GeForce RTX 2080 SUPER,2555,8192,3,60,57.15
1791277478.079787,0,GPU-835f8262-5251-9f0f-5dc4-013fa2f735de,NVIDIA GeForce RTX 2080 SUPER,3926,8192,34,63,71.32
1791277478.079787,1,GPU-aec1288f-4556-3b77-af1b-45bf7ee3d8f5,NVIDIA GeForce RTX 2080 SUPER,2555,8192,3,60,57.27
1791277478.6133962,0,GPU-835f8262-5251-9f0f-5dc4-013fa2f735de,NVIDIA GeForce RTX 2080 SUPER,3926,8192,34,63,71.11
1791277478.6133962,1,GPU-aec1288f-4556-3b77-af1b-45bf7ee3d8f5,NVIDIA GeForce RTX 2080 SUPER,2554,8192,3,60,57.23
1791277479.1457503,0,GPU-835f8262-5251-9f0f-5dc4-013fa2f735de,NVIDIA GeForce RTX 2080 SUPER,3926,8192,34,63,71.13
1791277479.1457503,1,GPU-aec1288f-4556-3b77-af1b-45bf7ee3d8f5,NVIDIA GeForce RTX 2080 SUPER,2554,8192,3,60,57.27
1791277479.677652,0,GPU-835f8262-5251-9f0f-5dc4-013fa2f735de,NVIDIA GeForce RTX 2080 SUPER,3926,8192,34,63,71.21
1791277479.677652,1,GPU-aec1288f-4556-3b77-af1b-45bf7ee3d8f5,NVIDIA GeForce RTX 2080 SUPER,2555,8192,3,60,57.49
1791277480.218825,0,GPU-835f8262-5251-9f0f-5dc4-013fa2f735de,NVIDIA GeForce RTX 2080 SUPER,3926,8192,34,62,71.18
1791277480.218825,1,GPU-aec1288f-4556-3b77-af1b-45bf7ee3d8f5,NVIDIA GeForce RTX 2080 SUPER,2555,8192,7,59,27.82
1791277480.7618082,0,GPU-835f8262-5251-9f0f-5dc4-013fa2f735de,NVIDIA GeForce RTX 2080 SUPER,3926,8192,34,63,71.21
1791277480.7618082,1,GPU-aec1288f-4556-3b77-af1b-45bf7ee3d8f5,NVIDIA GeForce RTX 2080 SUPER,2555,8192,7,59,28.01
1791277481.3078203,0,GPU-835f8262-5251-9f0f-5dc4-013fa2f735de,NVIDIA GeForce RTX 2080 SUPER,3926,8192,34,62,69.68
1791277481.3078203,1,GPU-aec1288f-4556-3b77-af1b-45bf7ee3d8f5,NVIDIA GeForce RTX 2080 SUPER,2555,8192,14,58,21.54
1791277481.8606331,0,GPU-835f8262-5251-9f0f-5dc4-013fa2f735de,NVIDIA GeForce RTX 2080 SUPER,3926,8192,34,62,71.22
1791277481.8606331,1,GPU-aec1288f-4556-3b77-af1b-45bf7ee3d8f5,NVIDIA GeForce RTX 2080 SUPER,2555,8192,14,58,21.21
1791277482.4087546,0,GPU-835f8262-5251-9f0f-5dc4-013fa2f735de,NVIDIA GeForce RTX 2080 SUPER,3926,8192,34,62,71.22
1791277482.4087546,1,GPU-aec1288f-4556-3b77-af1b-45bf7ee3d8f5,NVIDIA GeForce RTX 2080 SUPER,2554,8192,20,58,21.25
1791277482.955054,0,GPU-835f8262-5251-9f0f-5dc4-013fa2f735de,NVIDIA GeForce RTX 2080 SUPER,3926,8192,35,62,71.14
1791277482.955054,1,GPU-aec1288f-4556-3b77-af1b-45bf7ee3d8f5,NVIDIA GeForce RTX 2080 SUPER,2554,8192,20,58,21.89
1791277483.503683,0,GPU-835f8262-5251-9f0f-5dc4-013fa2f735de,NVIDIA GeForce RTX 2080 SUPER,3926,8192,34,62,70.96
1791277483.503683,1,GPU-aec1288f-4556-3b77-af1b-45bf7ee3d8f5,NVIDIA GeForce RTX 2080 SUPER,2555,8192,19,58,23.20
1791277484.0537217,0,GPU-835f8262-5251-9f0f-5dc4-013fa2f735de,NVIDIA GeForce RTX 2080 SUPER,3926,8192,34,62,70.95
1791277484.0537217,1,GPU-aec1288f-4556-3b77-af1b-45bf7ee3d8f5,NVIDIA GeForce RTX 2080 SUPER,2555,8192,19,58,22.87
1791277484.6063733,0,GPU-835f8262-5251-9f0f-5dc4-013fa2f735de,NVIDIA GeForce RTX 2080 SUPER,3926,8192,34,62,71.21
1791277484.6063733,1,GPU-aec1288f-4556-3b77-af1b-45bf7ee3d8f5,NVIDIA GeForce RTX 2080 SUPER,2555,8192,35,58,21.57
1791277485.1531875,0,GPU-835f8262-5251-9f0f-5dc4-013fa2f735de,NVIDIA GeForce RTX 2080 SUPER,3926,8192,34,62,71.16
1791277485.1531875,1,GPU-aec1288f-4556-3b77-af1b-45bf7ee3d8f5,NVIDIA GeForce RTX 2080 SUPER,2555,8192,21,58,21.09
1791277485.802758,0,GPU-835f8262-5251-9f0f-5dc4-013fa2f735de,NVIDIA GeForce RTX 2080 SUPER,3926,8192,34,62,71.22
1791277485.802758,1,GPU-aec1288f-4556-3b77-af1b-45bf7ee3d8f5,NVIDIA GeForce RTX 2080 SUPER,2555,8192,21,58,21.53
1791277486.3367507,0,GPU-835f8262-5251-9f0f-5dc4-013fa2f735de,NVIDIA GeForce RTX 2080 SUPER,3620,8192,34,61,55.39
1791277486.3367507,1,GPU-aec1288f-4556-3b77-af1b-45bf7ee3d8f5,NVIDIA GeForce RTX 2080 SUPER,544,8192,30,59,57.60
1791277486.867592,0,GPU-835f8262-5251-9f0f-5dc4-013fa2f735de,NVIDIA GeForce RTX 2080 SUPER,3636,8192,10,61,69.10
1791277486.867592,1,GPU-aec1288f-4556-3b77-af1b-45bf7ee3d8f5,NVIDIA GeForce RTX 2080 SUPER,674,8192,30,59,57.17
1791277487.401273,0,GPU-835f8262-5251-9f0f-5dc4-013fa2f735de,NVIDIA GeForce RTX 2080 SUPER,3638,8192,10,62,69.41
1791277487.401273,1,GPU-aec1288f-4556-3b77-af1b-45bf7ee3d8f5,NVIDIA GeForce RTX 2080 SUPER,675,8192,4,59,57.48
1791277487.9380422,0,GPU-835f8262-5251-9f0f-5dc4-013fa2f735de,NVIDIA GeForce RTX 2080 SUPER,3638,8192,22,62,69.52
1791277487.9380422,1,GPU-aec1288f-4556-3b77-af1b-45bf7ee3d8f5,NVIDIA GeForce RTX 2080 SUPER,675,8192,4,59,57.64
1791277488.472081,0,GPU-835f8262-5251-9f0f-5dc4-013fa2f735de,NVIDIA GeForce RTX 2080 SUPER,3638,8192,32,62,69.56
1791277488.472081,1,GPU-aec1288f-4556-3b77-af1b-45bf7ee3d8f5,NVIDIA GeForce RTX 2080 SUPER,675,8192,5,60,57.17
1791277489.0045815,0,GPU-835f8262-5251-9f0f-5dc4-013fa2f735de,NVIDIA GeForce RTX 2080 SUPER,3638,8192,32,62,69.59
1791277489.0045815,1,GPU-aec1288f-4556-3b77-af1b-45bf7ee3d8f5,NVIDIA GeForce RTX 2080 SUPER,675,8192,5,60,57.21
1791277489.5397844,0,GPU-835f8262-5251-9f0f-5dc4-013fa2f735de,NVIDIA GeForce RTX 2080 SUPER,3638,8192,32,62,69.78
1791277489.5397844,1,GPU-aec1288f-4556-3b77-af1b-45bf7ee3d8f5,NVIDIA GeForce RTX 2080 SUPER,675,8192,3,60,57.42
1791277490.074534,0,GPU-835f8262-5251-9f0f-5dc4-013fa2f735de,NVIDIA GeForce RTX 2080 SUPER,3660,8192,32,62,69.28
1791277490.074534,1,GPU-aec1288f-4556-3b77-af1b-45bf7ee3d8f5,NVIDIA GeForce RTX 2080 SUPER,675,8192,3,60,57.42
1791277490.6090243,0,GPU-835f8262-5251-9f0f-5dc4-013fa2f735de,NVIDIA GeForce RTX 2080 SUPER,3660,8192,32,62,69.50
1791277490.6090243,1,GPU-aec1288f-4556-3b77-af1b-45bf7ee3d8f5,NVIDIA GeForce RTX 2080 SUPER,674,8192,3,60,57.46
1791277491.1425524,0,GPU-835f8262-5251-9f0f-5dc4-013fa2f735de,NVIDIA GeForce RTX 2080 SUPER,3660,8192,32,61,69.42
1791277491.1425524,1,GPU-aec1288f-4556-3b77-af1b-45bf7ee3d8f5,NVIDIA GeForce RTX 2080 SUPER,674,8192,3,60,57.30
1791277491.6747737,0,GPU-835f8262-5251-9f0f-5dc4-013fa2f735de,NVIDIA GeForce RTX 2080 SUPER,3660,8192,32,61,69.24
1791277491.6747737,1,GPU-aec1288f-4556-3b77-af1b-45bf7ee3d8f5,NVIDIA GeForce RTX 2080 SUPER,675,8192,3,60,57.89
1791277492.2045963,0,GPU-835f8262-5251-9f0f-5dc4-013fa2f735de,NVIDIA GeForce RTX 2080 SUPER,3660,8192,32,61,68.74
1791277492.2045963,1,GPU-aec1288f-4556-3b77-af1b-45bf7ee3d8f5,NVIDIA GeForce RTX 2080 SUPER,675,8192,5,60,57.52
1791277492.7380016,0,GPU-835f8262-5251-9f0f-5dc4-013fa2f735de,NVIDIA GeForce RTX 2080 SUPER,3660,8192,32,61,69.31
1791277492.7380016,1,GPU-aec1288f-4556-3b77-af1b-45bf7ee3d8f5,NVIDIA GeForce RTX 2080 SUPER,675,8192,5,60,57.39
1791277493.2704618,0,GPU-835f8262-5251-9f0f-5dc4-013fa2f735de,NVIDIA GeForce RTX 2080 SUPER,3660,8192,32,61,69.52
1791277493.2704618,1,GPU-aec1288f-4556-3b77-af1b-45bf7ee3d8f5,NVIDIA GeForce RTX 2080 SUPER,675,8192,3,60,57.13
1791277493.8011456,0,GPU-835f8262-5251-9f0f-5dc4-013fa2f735de,NVIDIA GeForce RTX 2080 SUPER,3660,8192,32,61,69.03
1791277493.8011456,1,GPU-aec1288f-4556-3b77-af1b-45bf7ee3d8f5,NVIDIA GeForce RTX 2080 SUPER,675,8192,3,60,57.24
1791277494.3340628,0,GPU-835f8262-5251-9f0f-5dc4-013fa2f735de,NVIDIA GeForce RTX 2080 SUPER,3660,8192,32,61,69.24
1791277494.3340628,1,GPU-aec1288f-4556-3b77-af1b-45bf7ee3d8f5,NVIDIA GeForce RTX 2080 SUPER,674,8192,3,60,57.12
1791277494.8851295,0,GPU-835f8262-5251-9f0f-5dc4-013fa2f735de,NVIDIA GeForce RTX 2080 SUPER,3660,8192,32,61,69.33
1791277494.8851295,1,GPU-aec1288f-4556-3b77-af1b-45bf7ee3d8f5,NVIDIA GeForce RTX 2080 SUPER,674,8192,3,60,57.43
1791277495.4194043,0,GPU-835f8262-5251-9f0f-5dc4-013fa2f735de,NVIDIA GeForce RTX 2080 SUPER,3660,8192,32,61,68.89
1791277495.4194043,1,GPU-aec1288f-4556-3b77-af1b-45bf7ee3d8f5,NVIDIA GeForce RTX 2080 SUPER,675,8192,3,60,57.65
1791277495.9510438,0,GPU-835f8262-5251-9f0f-5dc4-013fa2f735de,NVIDIA GeForce RTX 2080 SUPER,3660,8192,31,61,68.00
1791277495.9510438,1,GPU-aec1288f-4556-3b77-af1b-45bf7ee3d8f5,NVIDIA GeForce RTX 2080 SUPER,675,8192,3,60,58.10
1791277496.483377,0,GPU-835f8262-5251-9f0f-5dc4-013fa2f735de,NVIDIA GeForce RTX 2080 SUPER,3660,8192,32,61,69.44
1791277496.483377,1,GPU-aec1288f-4556-3b77-af1b-45bf7ee3d8f5,NVIDIA GeForce RTX 2080 SUPER,675,8192,5,60,57.29
1791277497.016521,0,GPU-835f8262-5251-9f0f-5dc4-013fa2f735de,NVIDIA GeForce RTX 2080 SUPER,3660,8192,32,61,69.19
1791277497.016521,1,GPU-aec1288f-4556-3b77-af1b-45bf7ee3d8f5,NVIDIA GeForce RTX 2080 SUPER,675,8192,5,60,57.39
1791277497.548075,0,GPU-835f8262-5251-9f0f-5dc4-013fa2f735de,NVIDIA GeForce RTX 2080 SUPER,3660,8192,32,61,69.05
1791277497.548075,1,GPU-aec1288f-4556-3b77-af1b-45bf7ee3d8f5,NVIDIA GeForce RTX 2080 SUPER,675,8192,3,60,57.26
1791277498.0801907,0,GPU-835f8262-5251-9f0f-5dc4-013fa2f735de,NVIDIA GeForce RTX 2080 SUPER,3660,8192,32,61,68.95
1791277498.0801907,1,GPU-aec1288f-4556-3b77-af1b-45bf7ee3d8f5,NVIDIA GeForce RTX 2080 SUPER,675,8192,3,60,57.22
1791277498.611595,0,GPU-835f8262-5251-9f0f-5dc4-013fa2f735de,NVIDIA GeForce RTX 2080 SUPER,3660,8192,31,61,68.84
1791277498.611595,1,GPU-aec1288f-4556-3b77-af1b-45bf7ee3d8f5,NVIDIA GeForce RTX 2080 SUPER,674,8192,2,60,57.19
1791277499.1433594,0,GPU-835f8262-5251-9f0f-5dc4-013fa2f735de,NVIDIA GeForce RTX 2080 SUPER,3660,8192,31,61,69.12
1791277499.1433594,1,GPU-aec1288f-4556-3b77-af1b-45bf7ee3d8f5,NVIDIA GeForce RTX 2080 SUPER,674,8192,2,60,57.19
1791277499.6750355,0,GPU-835f8262-5251-9f0f-5dc4-013fa2f735de,NVIDIA GeForce RTX 2080 SUPER,3660,8192,32,61,68.49
1791277499.6750355,1,GPU-aec1288f-4556-3b77-af1b-45bf7ee3d8f5,NVIDIA GeForce RTX 2080 SUPER,675,8192,3,61,57.57
1791277500.206226,0,GPU-835f8262-5251-9f0f-5dc4-013fa2f735de,NVIDIA GeForce RTX 2080 SUPER,3660,8192,32,61,68.74
1791277500.206226,1,GPU-aec1288f-4556-3b77-af1b-45bf7ee3d8f5,NVIDIA GeForce RTX 2080 SUPER,675,8192,5,61,57.44
1791277500.7389445,0,GPU-835f8262-5251-9f0f-5dc4-013fa2f735de,NVIDIA GeForce RTX 2080 SUPER,3660,8192,32,61,69.14
1791277500.7389445,1,GPU-aec1288f-4556-3b77-af1b-45bf7ee3d8f5,NVIDIA GeForce RTX 2080 SUPER,675,8192,5,61,57.29
1791277501.2709303,0,GPU-835f8262-5251-9f0f-5dc4-013fa2f735de,NVIDIA GeForce RTX 2080 SUPER,3660,8192,32,61,69.01
1791277501.2709303,1,GPU-aec1288f-4556-3b77-af1b-45bf7ee3d8f5,NVIDIA GeForce RTX 2080 SUPER,675,8192,3,61,57.21
1791277501.8021393,0,GPU-835f8262-5251-9f0f-5dc4-013fa2f735de,NVIDIA GeForce RTX 2080 SUPER,3660,8192,32,61,69.11
1791277501.8021393,1,GPU-aec1288f-4556-3b77-af1b-45bf7ee3d8f5,NVIDIA GeForce RTX 2080 SUPER,675,8192,3,61,57.31
1791277502.3355281,0,GPU-835f8262-5251-9f0f-5dc4-013fa2f735de,NVIDIA GeForce RTX 2080 SUPER,3660,8192,32,61,69.13
1791277502.3355281,1,GPU-aec1288f-4556-3b77-af1b-45bf7ee3d8f5,NVIDIA GeForce RTX 2080 SUPER,674,8192,3,61,57.21
1791277502.868488,0,GPU-835f8262-5251-9f0f-5dc4-013fa2f735de,NVIDIA GeForce RTX 2080 SUPER,3660,8192,32,61,69.28
1791277502.868488,1,GPU-aec1288f-4556-3b77-af1b-45bf7ee3d8f5,NVIDIA GeForce RTX 2080 SUPER,674,8192,3,61,57.26
1791277503.3992608,0,GPU-835f8262-5251-9f0f-5dc4-013fa2f735de,NVIDIA GeForce RTX 2080 SUPER,3660,8192,32,61,69.17
1791277503.3992608,1,GPU-aec1288f-4556-3b77-af1b-45bf7ee3d8f5,NVIDIA GeForce RTX 2080 SUPER,675,8192,3,61,57.78
1791277503.9318163,0,GPU-835f8262-5251-9f0f-5dc4-013fa2f735de,NVIDIA GeForce RTX 2080 SUPER,3660,8192,32,61,68.68
1791277503.9318163,1,GPU-aec1288f-4556-3b77-af1b-45bf7ee3d8f5,NVIDIA GeForce RTX 2080 SUPER,675,8192,3,61,57.81
1791277504.464489,0,GPU-835f8262-5251-9f0f-5dc4-013fa2f735de,NVIDIA GeForce RTX 2080 SUPER,3660,8192,32,61,69.22
1791277504.464489,1,GPU-aec1288f-4556-3b77-af1b-45bf7ee3d8f5,NVIDIA GeForce RTX 2080 SUPER,675,8192,5,61,57.25
1791277505.001993,0,GPU-835f8262-5251-9f0f-5dc4-013fa2f735de,NVIDIA GeForce RTX 2080 SUPER,3660,8192,32,61,68.26
1791277505.001993,1,GPU-aec1288f-4556-3b77-af1b-45bf7ee3d8f5,NVIDIA GeForce RTX 2080 SUPER,677,8192,5,61,57.31
1791277505.5380738,0,GPU-835f8262-5251-9f0f-5dc4-013fa2f735de,NVIDIA GeForce RTX 2080 SUPER,3660,8192,31,61,69.06
1791277505.5380738,1,GPU-aec1288f-4556-3b77-af1b-45bf7ee3d8f5,NVIDIA GeForce RTX 2080 SUPER,676,8192,3,61,57.26
1791277506.0709383,0,GPU-835f8262-5251-9f0f-5dc4-013fa2f735de,NVIDIA GeForce RTX 2080 SUPER,3660,8192,31,61,69.01
1791277506.0709383,1,GPU-aec1288f-4556-3b77-af1b-45bf7ee3d8f5,NVIDIA GeForce RTX 2080 SUPER,678,8192,3,61,57.97
1791277506.6017127,0,GPU-835f8262-5251-9f0f-5dc4-013fa2f735de,NVIDIA GeForce RTX 2080 SUPER,3660,8192,32,61,69.34
1791277506.6017127,1,GPU-aec1288f-4556-3b77-af1b-45bf7ee3d8f5,NVIDIA GeForce RTX 2080 SUPER,677,8192,4,61,57.38
1791277507.1342955,0,GPU-835f8262-5251-9f0f-5dc4-013fa2f735de,NVIDIA GeForce RTX 2080 SUPER,3660,8192,32,61,69.27
1791277507.1342955,1,GPU-aec1288f-4556-3b77-af1b-45bf7ee3d8f5,NVIDIA GeForce RTX 2080 SUPER,676,8192,4,61,57.37
